"Time","ASMR","Airport CEO","Alien: Isolation","Clash Royale","Dale & Dawson Stationery Supplies","Dead End Exit 8","Dead by Daylight","Dofus","ELDEN RING","FTL: Faster Than Light","Five Nights at Freddy's","Fortnite","Genshin Impact","Golf It!","Grand Theft Auto V","Harry Potter and the Sorcerer's Stone","Haunted Castle","Hearthstone","Hollow Knight","I'm Only Sleeping","IRL","Just Chatting","League of Legends","Maitre des Fleurs","Minecraft","NBA 2K25","Offline","Online","Outlast","Platform 8","Pokémon FireRed/LeafGreen","Pokémon GO","Pokémon HeartGold/SoulSilver","Pokémon Scarlet/Violet","PowerWash Simulator","Rocket League","Selaco","Special Agent","Special Events","Star Citizen","Street Fighter 6","Super Smash Bros. Ultimate","TEKKEN 8","Talk Shows & Podcasts","Teamfight Tactics","That's Not My Neighbor","The Legend of Zelda: Ocarina of Time","The Legend of Zelda: The Wind Waker","The Mortuary Assistant","Trackmania","VALORANT","Voices of the Void","Warhammer 40","World of Warcraft","World of Warships"
2024-09-06 18:05:00,,,,,,,,215,78,,1620,,223,,,,,1586,,,,14513,2761,,371,,0,111,,,,,,,,,,,157119,32,,,,191,63,,162,,,,,,171,181,
2024-09-06 18:10:00,,,,,,,,362,179,,2180,,254,,,,,1157,,,,9858,2382,,615,,0,,,,40,,,80,,,,,207035,,,,,208,93,,261,,,,,,,286,
2024-09-06 18:15:00,,,,,,,,512,,,2324,,291,,,,,,,,,10925,2038,,723,,0,,,,252,,,381,,,,,204101,,,,,76,112,,282,,,,,,,314,
2024-09-06 18:20:00,,,,,,,,586,,,2552,,334,,,,,,,,,9599,2101,,812,,0,,,,285,,,538,,,,,228173,,,,,142,128,,331,,,,,,,301,
2024-09-06 18:25:00,,,,,,,,477,,,2792,,323,,,,,,,,,9732,2298,,812,,0,,,,453,,,553,,,4471,,245477,,,,,209,209,,391,,,,,,,310,
2024-09-06 18:30:00,,,,,,,,,,,2835,,390,,,,,,,,,5065,2276,,,,0,,,,526,,526,,,187,4561,,247191,,,,,225,229,,380,,,,,,,661,
2024-09-06 18:35:00,,,,,,,,,,,2992,,382,,,,,,,,,4957,2125,,,,0,,,,,,540,,,155,4734,,258649,,,,,210,215,,413,,,,,,,728,
2024-09-06 18:40:00,,,,,,,,,,,2916,,425,,,,,,,,,1576,2319,,,,0,,,,,,819,,,183,4669,,268568,,,,,251,267,,435,,,,,,,701,
2024-09-06 18:45:00,,,,,,,,,,,3064,,449,,,,,,,,,490,2388,,,,0,,,,,,1036,,,222,4786,,273309,,,,,,309,,449,,,,,,,685,
2024-09-06 18:50:00,,,,,,,,,,,3586,,475,,,,,,,,,529,2420,,,,0,,,,,,1079,,,345,4976,,279899,,,,,,236,,439,,,,,,,1167,
2024-09-06 18:55:00,,,,,,,,,,,3189,,394,,,,,,,,,477,2616,,,,0,,,,,,1188,,,333,5165,,282352,,,,,,227,,,,,,,,,1182,
2024-09-06 19:00:00,,,,,,,,,,,3314,,463,,,,,,,,,482,2652,,,,0,,,,,,1215,,,434,5089,,287560,,,,,,251,,,,,,,,,1189,
2024-09-06 19:05:00,,,,,,,,,,,3127,,435,,,,,,,,,303,2356,,,,0,,,,,,1186,,,448,4688,,288719,,,311,,,238,,,,,,,,,1184,
2024-09-06 19:10:00,,,,,,,,,,,3292,,471,,,,,,,,,278,2441,,,,0,,,,,,1205,,,523,4355,,286514,,,320,,,232,,,,,,,,,1188,
2024-09-06 19:15:00,,,,,,,,,,,3292,,485,,,,,,,,,290,2477,,,,0,,,,,,1177,,,454,4471,,292675,,,336,,,282,,,,,,,,,1177,
2024-09-06 19:20:00,,,,,,,,,,,3372,,495,,,,,,,,,,2708,,,,0,,,,,,1160,,,494,4402,,301883,,,343,,,306,,,,,,,,,1246,
2024-09-06 19:25:00,,,,,,,,,,,3303,,501,,,,,,,,,,3136,,,,0,,,,,,1127,,,553,4789,,303811,,,347,,,314,,,,,,,,,1203,
2024-09-06 19:30:00,,,,,,,,,,,3268,,501,,,,,,,,,,3093,,,,0,,,,,,1170,,,541,4688,,301082,,,331,,,308,,,,,,,,,1075,
2024-09-06 19:35:00,,,,,,,,,,,3347,,517,,,,,,,,,,3146,,,,0,,,,,,1145,,,563,4966,,302406,,,346,,,213,,,,,,,,,1277,
2024-09-06 19:40:00,,,,,,,,,,,3382,,501,,,,,,,,,,3135,,,,0,,,,,,1123,,,619,5458,,303385,,,329,,,200,,,,,,,,,1270,
2024-09-06 19:45:00,,,,104,,,,,,,3327,,519,,,,,,,,,,3028,,,,0,,,,,,1120,,,601,5670,,303167,,,337,,,217,,,,,,,,,1304,
2024-09-06 19:50:00,,,,116,,,,,,,3291,,441,,,,,,,,,,2853,,,,0,,,,,,1105,,,637,6000,,310558,,,337,,,243,,,,,,,,,1306,
2024-09-06 19:55:00,,,,,,,,,,,3237,,476,,,,,,,,,,3272,,,,0,,,,,,1079,,,630,5609,,308689,,,,,,279,,,,,,,,,1241,
2024-09-06 20:00:00,,,,,,,,,,,3275,,470,,,,,,,,,,3305,,,,0,,,,,,1095,,,475,5965,,306212,,,,,,276,,,,,,,,,1195,
2024-09-06 20:05:00,,,,,,,,,,,3460,,429,,,,,,,,,,3274,,,,0,,,,,,1071,,,650,4476,,303999,,,,,,290,,,,,,,,,1379,
2024-09-06 20:10:00,,,,,,,,,,,3969,,444,1084,,,,,,,,,2690,,,,0,,,,,,1104,,,637,4289,,306160,,,,,,293,,,,,,,,4293,1290,
2024-09-06 20:15:00,,,,,,,,,,,,,423,997,,,,,,,,,2976,,,,0,,,,,,1049,,,658,4152,,306832,,,,,,257,,,,,,,,4036,1400,
2024-09-06 20:20:00,,,,,,,,,,,,,439,966,,,,,,,,,3114,,,,0,,,,,,1014,,,639,3939,,317308,,,,,,280,,,,,,,,4329,1369,
2024-09-06 20:25:00,,,,,,,,,,,,,464,923,,,,,,,,,3119,,,,0,,,,,,1014,,,584,4145,,318770,,,,,,263,,,,,,,,,1392,
2024-09-06 20:30:00,,,,,,,,,,,,,497,971,,,,,,,,3788,3309,,,,0,,,,,,1014,779,,517,4145,,325552,,,,,,259,,,,,121,,,,1430,
2024-09-06 20:35:00,,,,,,,,,,,,,505,901,,,,,,,,3936,3043,,,,0,,,,,,1027,,,625,,,325902,,,,,,275,,,,,130,,,,1435,
2024-09-06 20:40:00,,,,,,,,,,,,,475,835,,,,,,,,3936,3082,,,,0,,,3701,,,1013,,,625,,,325174,,,,,,269,,,,,124,,,,1454,
2024-09-06 20:45:00,,,,,,,,,,,,,533,818,,,,,,,,,2910,,,,0,,,4022,,,1001,,,635,,,323294,,,,,,307,,,,,101,,,,1428,
2024-09-06 20:50:00,,,,,,,,,,,,,539,807,,,,,,,,,1935,,,,0,,,3862,,,1019,,,532,,,320493,,,,,,298,,,,,107,,,,1507,
2024-09-06 20:55:00,,,,,,,,,,,,,531,823,,,,,,,,,1708,,,,0,,,4000,,,1060,,,574,,,316719,,,,,,325,,,,,107,,,,2289,
2024-09-06 21:00:00,,,,,,,,,,,,,496,,,,,,,,,,1847,,,,0,,,4171,,,1040,,,531,,588,331332,,,,,,299,,,,,,,,,2338,
2024-09-06 21:05:00,,,,,,,,,,,,,516,,,,,,,,,,1877,,,,0,,,3594,,,1071,,,,,,321150,,,,,,285,,,,,,,,,2409,
2024-09-06 21:10:00,,,,,,,,,,,,,,,,,,,,,,,2161,,,,0,,,3145,,,1084,,,,,,323310,,,,,,290,,,,,,,,,2407,
2024-09-06 21:15:00,,,,,,,,,,,,,,,,,,,,,,,1958,,,,0,,,3021,,,1070,,,,,,317883,,,,,,287,,,,,,,,,2421,
2024-09-06 21:20:00,,,,,,,,,,,,,,,,,,,,,,,2048,,,,0,,,2951,,,1104,,,,,,322735,,,,,,297,,,,,,,,,2607,
2024-09-06 21:25:00,,,,,,,,,,,,,,,,,,,,,,,2126,,,,0,,,3019,,,1104,,,,,,323014,,,,,,301,,,,,,,,,2755,
2024-09-06 21:30:00,,,,,,,,,,,,,,,,,,,,,,,2244,,,,0,,,2849,,,1112,,,,,,318547,,,,,,295,,,,,,,,,2607,
2024-09-06 21:35:00,,,,,,,,,,,,,,,,,,,,,,,2253,,,,0,,,2881,,,1096,,,,,,322421,,,,,,308,,,,,,,,,2635,
2024-09-06 21:40:00,,,,,,,,,,,,,,,,,,,,,,2946,2053,,,,0,,,2946,,,1091,,,,,,326707,,,,,,269,,,,,,,,2027,2478,
2024-09-06 21:45:00,,,,,,,,,,,,,,,,,,,,,,2745,1833,,,,0,,,,,,1074,,,,,,326596,,,,,,274,2690,,,,,,,2083,2499,
2024-09-06 21:50:00,,,,,,,,,,,,,,,,,,,,,,,1841,,,,0,,,,,,1091,,,,,,326183,,,,,,271,2582,,,,,,,2127,2560,
2024-09-06 21:55:00,,,,,,,,,,,,,,,,,,,,,,,1680,,,,0,,,,,,1092,,,,,,326111,,,,,,281,2501,,,,,,,2180,2639,
2024-09-06 22:00:00,,,,,,,,,,,,,,,,,,,,,,,1750,,,,0,,,,,,1056,,,,,,326400,,,,,,306,2580,,,,,,,2068,2430,
2024-09-06 22:05:00,,,,,,,,,,,,,,,,1,,,,,,,1653,,,,0,,,,,,1021,,,,,,325458,,123,,,,313,2742,,,,,,,2033,2553,
2024-09-06 22:10:00,,,,,,,,,,,,,,,,208,,,,,,2628,1792,,,,0,,,,,,1099,,,,,,325568,,130,,,,324,2628,,,,,,,2249,2608,
2024-09-06 22:15:00,,,,,,,,,,,,,,,,440,,,,,,2481,1717,,,,0,,,,,,1099,,,,,,320671,,138,,,,308,,,,,,,,2083,2673,
2024-09-06 22:20:00,,,,,,,,,,,,,,,,648,,,,,,2653,1625,,,,0,,,,,,1062,,,,,,320975,,145,,,,292,,,,,,,,,2664,
2024-09-06 22:25:00,,,,,,,,,,,,,,,,719,,,,,,2800,1218,,,,0,,,,,,1033,,,,,,325747,,159,,,,249,,,,,132,,,,2559,
2024-09-06 22:30:00,,,,,,,,,,,,,,,,818,,,,,,2849,1289,,,,0,,,,,,987,,,,,,329302,,170,,,,293,,,,,,,,,2549,
2024-09-06 22:35:00,,,,,,,,,,,,,,,,924,,,,,,2745,1234,,,,0,,,,,,965,,,,,,335136,,176,,,,365,,,,,,,,,2558,
2024-09-06 22:40:00,,,,,,,,,,,,,,,,961,,,,,,7695,1143,,,,0,,,,,,965,,,,,,333998,,168,,,,389,,,,,,,,,2612,
2024-09-06 22:45:00,,,,,,,,,,,,,,,,995,,,,,,5290,1299,,,,0,,,,,,945,,,,,,335838,,194,,,,421,,,,,,,,,2651,
2024-09-06 22:50:00,,,,,,,,,,,,,,,,1024,,,,,,4759,1221,,,,0,,,,,,931,,,,,,337686,,195,,,,394,,,,,,,,,2675,
2024-09-06 22:55:00,,,,,,,,,,,,,,,,1088,,,,,,4439,1122,,,,0,,,,,,920,,,,,,338456,,188,,,,418,,,,,,,,,2581,
2024-09-06 23:00:00,,,,,,,,,,,,,,,,1058,,,,,,4504,1182,,,,0,,,,,,920,,,,,,342489,,183,,,,413,,,,,,,,,2639,
2024-09-06 23:05:00,,,,,,,,,,,,,,,,1025,,,,,,4313,1188,,,,0,,,,,,909,,,,,,342236,,195,,,,443,,,,,,,,,2758,
2024-09-06 23:10:00,,,,,,,,,,,,,,,,993,,,,,,3998,915,,,,0,,,,,,892,,,,,,338858,,206,,,,395,,,,,,,3998,,2786,
2024-09-06 23:15:00,148,,,,,,,,,,,,,,,1054,,,,,,,915,,,,0,,,,,1020,892,,,,,,327313,,198,,,,364,,,,,,,3937,,3046,
2024-09-06 23:20:00,237,,,,,,,,,,,,,,,1041,,,,,,,,,,,0,,,,,1013,869,,,,,,329272,,205,,,,386,,,,,,,3861,,2911,
2024-09-06 23:25:00,263,,,,,,,,,,,,,,,1061,,,,,,,,,,,0,,,,,966,889,,,,,,327044,,198,,,,351,,,,,,,3730,,3113,
2024-09-06 23:30:00,317,,,,,,,,,,,,,,,974,,,,,,,,,,,0,,,,,888,872,,,,,,323764,,190,,,,373,,,,,,,3678,,3148,
2024-09-06 23:35:00,309,,,,,,,,,,,,,,,1056,,,,,,,,,,,0,,,,,637,843,,,,,,331242,,188,,,,377,,,,,,,3886,,3131,
2024-09-06 23:40:00,346,,,,,,,,,,,,,,,1043,,,,,,,,,,,0,,,,,791,852,,,,,,328118,,193,,,,412,,,,,,,3550,,3047,
2024-09-06 23:45:00,444,,,,,,,,,,,,,,,937,,,,,,,,,,,0,,,,,766,852,,,,,,325624,,212,,,,385,,,,,,,3512,,3106,
2024-09-06 23:50:00,397,,,,,,,,,,,,,,,1126,,,,,,,,,,,0,,,,,825,882,,,,,,335499,,199,,,,380,,,,,,,3326,,3280,
2024-09-06 23:55:00,513,,,,,,,,,,,,,,,1152,,,,,,,,,,,0,,,,,754,899,,,,,,307147,,197,,,,390,,,,,,,3546,,3316,
2024-09-07 00:00:00,594,,,,,,,,,,,,,,,1132,,,,,,,,,,,0,,984,,,764,881,,,,,,301659,,200,,,,416,,,,,,,3483,,3380,
2024-09-07 00:05:00,664,,,,,,,,,,,,,,,1257,,,,,,,,,,,0,,1012,,,697,869,,,,,,296949,,194,,,,434,,,,,,,3354,,3453,
2024-09-07 00:10:00,678,,,,,,,,,,,,,,,1171,,,,,,,,,,,0,,990,,,612,879,,,,,,291496,,196,,,,439,,,,,,,3231,,3503,
2024-09-07 00:15:00,688,,,,,,,,,,,,,,,997,,,,,,,,,,,0,,1006,,,644,903,,,,,,288131,203,201,,,,405,,,,,,2094,3201,,3593,
2024-09-07 00:20:00,635,,,,,,,,,,,,,,,1398,,,,,,,,,,,0,,1033,,,487,878,,,,,,279958,194,217,,,,395,,,,,,1213,3201,,724,
2024-09-07 00:25:00,603,,,,,,,,,,,,,,,1460,,,,,,,,,,,0,,1075,,,553,868,,,,,,274537,212,217,,,,406,,,,,,1152,,,700,
2024-09-07 00:30:00,766,,,,,,,,,,,,,,,1346,,,,,,,,,,,0,,1075,,,522,836,,,,,,269740,224,209,,,,437,,,,,,1109,,,678,
2024-09-07 00:35:00,649,,,,,,,,,,,,,,,1320,,,,,,,,,,,0,,1054,,,532,875,,,,,,266252,224,237,,,,437,,,,,,1054,,,644,
2024-09-07 00:40:00,830,,,,,,,,,,,,,,,1360,,,,,,,,,,,0,,1012,,,474,846,,,,,,263051,229,224,,,,453,,,,,,983,,,652,
2024-09-07 00:45:00,790,,,,,,,,,,,,,,,1290,,,,,,,,,,,0,,1027,,,516,824,,,,,,258765,219,213,,,,467,,,,,,999,,,642,
2024-09-07 00:50:00,781,,,,,,,,,,,,,,,1346,,,,,,,,,,,0,,1000,,,526,893,,,,,,254883,223,156,,,,490,,,,,,859,,,661,
2024-09-07 00:55:00,635,,,,,,,,,,,,,,,1329,,,,,,,,,,,0,,961,,,491,860,,,,,,252467,220,144,,,,476,,,,,,900,,,674,
2024-09-07 01:00:00,810,,,,,,,,,,,,,,,1354,,,,,,,,,,,0,,929,,,455,845,,,,,,248354,223,138,,,,336,,,,,,0,,,678,
2024-09-07 01:05:00,745,,,,,,,,,,,,,,,1199,,,,,,117,,,,,0,,942,,,387,834,,,,,,243882,235,125,,,,336,,,,,,540,,,663,
2024-09-07 01:10:00,764,,,,,,,,,,,,,,,1272,,,,,,105,,,,,0,,902,,,404,797,,,,,,236116,238,,,,,,,,,,,413,,,630,
2024-09-07 01:15:00,796,,,,,,,,,,,,,,,1170,,,,,,131,,,,,0,,851,,,448,809,,,,,,234938,238,,,,,,,,,,,537,,,596,
2024-09-07 01:20:00,611,,,,,,,,,,,,,,,1321,,,,,,216,,,,,0,,793,,,380,793,,,,,,227843,235,,,,,,,,,,,429,,,618,
2024-09-07 01:25:00,790,,,,,,,,,,,,,,,1098,,,,,,249,,,,,0,,863,,,332,778,,,,,,225181,226,,,,,,,,,,,448,,,659,
2024-09-07 01:30:00,756,,,,,,,,,,,,,,,1072,,,,,,185,,,,,0,,702,,,375,778,,,,,,220150,235,,,,,,,,,,,482,,,1005,
2024-09-07 01:35:00,460,,,,,,,,,,,,,,,1072,,,,,,185,,,,,0,,742,,,333,767,,,,,,218117,230,,,,,,,,,,,,,,1002,
2024-09-07 01:40:00,,,,,,,,,,,,,,,,971,,,,,,1201,,,,,0,,679,,,342,736,,,,,,212532,222,,,,,,,,,,,,,,1041,
2024-09-07 01:45:00,,,,,,,,,,,,,,,,,,,,,,1013,,,,,0,,679,,,377,711,,,,,,208318,222,,,,,,,,,,,,,,997,
2024-09-07 01:50:00,,,,,,,,,,,,,,,,,,,,,,981,,,,,0,,671,,,292,696,,,,,,205343,209,,,,,,,,,,,,,,958,
2024-09-07 01:55:00,,,,,,,,,,,,,,,,,,,,,,1018,,,,,0,,658,,,287,703,,,,,,201665,209,,,,,,,,,217,,,,,621,
2024-09-07 02:00:00,,,,,,,,,,,,,,,,,,,,,,1124,,,,,0,,669,,,310,691,,,,,,192323,,,,,,,,,,204,,,,,625,
2024-09-07 02:05:00,,,,,,,,,,,,,,,,,,,,,,1092,,,,,0,,641,,,315,691,,,,,,189481,,,,,,,,,,200,,,,,547,
2024-09-07 02:10:00,,,,,,,,,,,,,,,,,,633,,,,1051,,,,,0,,641,,,254,671,,,,,,183656,,,,,,,,,,194,,,,,525,
2024-09-07 02:15:00,,,,,,,,,,,,,,,,,,626,,,,1130,,,,,0,,,,,268,656,,,,,,181665,,,,,,,,,,197,,,,,,
2024-09-07 02:20:00,,,,,,,,,,,,,,,,,,612,,,,1057,,,,,0,,,,,265,642,,,,,,176402,,,,,,,,,,199,,,,,,
2024-09-07 02:25:00,,,,,,,,,,,,,,,,,,623,,,,1078,,,,,0,,,,,288,631,,,,,,176621,,,,,,,,,,189,,,,,,
2024-09-07 02:30:00,,,,,,,,,,,,,,,,,,635,,,,823,,,,,0,,,,,217,623,,,,,,173398,,,,,,,,,,187,,,,,,
2024-09-07 02:35:00,,,,,,,,,,,,,,,,,,721,,,,919,,,,,0,,,,,220,611,,,,,,164171,,,,,,,,,,194,,,,,,
2024-09-07 02:40:00,,,,,,,,,,,,,,,,,,693,,,,950,2391,,,,0,,,,,,627,,,,,,158158,,,,,,,,,,174,,,,,,
2024-09-07 02:45:00,,,,,,,,,,,,,,,,,,721,,,,993,2470,,,,0,,,,,,617,,,,,,150850,,,,,,,,,,164,,,,,,
2024-09-07 02:50:00,,,,,,,,,,,,,,,,,,750,,,,954,2338,,,,0,,,,,,599,,,,,,148599,,,,,,,,,,162,,,,,,
2024-09-07 02:55:00,,,,,,,,,,,,,,,,,,634,,,,980,2276,,,,0,,,,,,587,,,,,,145018,,,,,,,,,,164,,,,,,
2024-09-07 03:00:00,,,,,,,,,,,,,,,,,,564,,,,956,2132,,,,0,,,,,,566,,,,,,143769,,,,,,,,,,156,,,,,,
2024-09-07 03:05:00,,,,,,,,,,,,,,,,,944,464,,,,944,2061,,,,0,,,,,,566,,,,,,141225,,,,,,,,,,159,,,,,,
2024-09-07 03:10:00,,,,,,,,,,,,,,,,,802,510,,,,,1804,,,,0,,,,,,573,,,,,,138391,,,,,,,,,,157,,,,,,
2024-09-07 03:15:00,,,,,,,,,,,,,,,,,773,519,,,,,,,,,0,,,,,,566,,,,,,137401,,,,,,,,,,153,,,,,,
2024-09-07 03:20:00,,,,,,,,,,,,,,,,,814,509,,,,,,,,,0,,,,,,552,,,,,,137134,,,,,,,,,,151,,,,,,
2024-09-07 03:25:00,,,,,,,,,,,,,,,,,790,503,,,,,,,,,0,,,,,,552,,,,,,134312,,,,,,,,,,149,,,,,,
2024-09-07 03:30:00,,,,,,,,,,,,,,,,,779,503,,,,,,,,,0,,,,,,558,,,,,,127644,,,,,,,,,,146,,,,,,
2024-09-07 03:35:00,,,,,,,,,,,,,,,,,812,,,,,,,,,,0,,,,,,545,,,,,,125635,,,,,,,,,,144,,,,,,
2024-09-07 03:40:00,,,,,,,,,,,,,,,,,827,470,,,,,,,,,0,,,,,,531,,,,,,122579,,,,,,,,,,151,,,,,,
2024-09-07 03:45:00,,,,,,,,,,,,,,,,,751,488,,,,,,,,,0,,,,,,566,,,,,,117802,,,,,,,,,,136,,,,,,
2024-09-07 03:50:00,,,,,,,,,,,,,,,,,781,488,,,,,,,,,0,,,,,,562,,,,,,111752,,,,,,,,,,145,,,,,,
2024-09-07 03:55:00,,,,,,,,,,,,,,,,,704,480,,,,,,,,,0,,,,,,582,,,,,,110133,,,,,,,,,,143,,,,,,
2024-09-07 04:00:00,,,,,,,,,,,,,,,,,743,493,,,,,,,,,0,,,,,,548,,,,,,107266,,,,,,,,,,145,,,,,,
2024-09-07 04:05:00,,,,,,,,,,,,,,,,,725,515,,,,,,,,,0,,,,,,557,,,,,,106802,,,,,,,,,,147,,,,,,
2024-09-07 04:10:00,,,,,,,,,,,,,,,,,698,487,,,,,,,,,0,,,,,,551,,,,,,103173,,,,,,,,,,117,,,,,,
2024-09-07 04:15:00,,,,,,,,,,,,,,,,,698,469,,,,,,,,,0,,,,,,541,,,,,,106641,,,,,,,,,,117,,,,,,
2024-09-07 04:20:00,,,,,,,,,,,,,,,,,677,487,,,,,,,,,0,,,,,,486,,,,,,96094,,,,,,,,,,,,,,,,
2024-09-07 04:25:00,,,,,,,,,,,,,,,,,,499,,,,,,,,,0,,,,,,614,,,,,,90100,,,,,,,,,,,,,,,,
2024-09-07 04:30:00,,,,,,,,,,,,,,,,,,504,,,,,,,,,0,,,,,,593,,,,,,87617,,,,,,,,,,,,,,,,
2024-09-07 04:35:00,,,,,,,,,,,,,,,,,,518,,,,,,,,,0,,,,,,550,,,,,,85574,,,,,,,,,,,,,,,,
2024-09-07 04:40:00,,,,,,,,,,,,,,,,,,518,,,,,,,,,0,,,,,,475,,,,,,82065,,,,,,,,,,,,,,,,
2024-09-07 04:45:00,,,,,,,,,,,,,,,,,,556,,,,,,,,,0,,,,,,582,,,,,,79064,,,,,,,,,,,,,,,,
2024-09-07 04:50:00,,,,,,,,,,,,,,,,,,562,,,,,,,,,0,,,,,,528,,,,,,80148,,,,,,,,,,,,,,,,
2024-09-07 04:55:00,,,,,,,,,,,,,,,,,,576,,,,,,,,,0,,,,,,554,,,,,,74561,,,,,,,,,,,,,,,,
2024-09-07 05:00:00,,,,,,,,,,,,,,,,,,582,,,,,,,,,0,,,,,,532,,,,,,72859,,,,,,,,,,,,,,,,
2024-09-07 05:05:00,,,,,,,,,,,,,,,,,,506,,,,,,,,,0,,,,,,498,,,,,,73231,,,,,,,,,,,,,,,,
2024-09-07 05:10:00,,,,,,,,,,,,,,,,,,554,,,,,,,,,0,,,,,,429,,,,,,65822,,,,,,,,,,,,,,,,
2024-09-07 05:15:00,,,,,,,,,,,,,,,,,,564,,,,,,,,,0,,,,,,513,,,,,,66323,,,,,,,,,,,,,,,,
2024-09-07 05:20:00,,,,,,,,,,,,,,,,,,586,,,,,,,,,0,,,,,,525,,,,,,57766,,,,,,,,,,,,,,,,
2024-09-07 05:25:00,,,,,,,,,,,,,,,,,,592,,,,,,,,,0,,,,,,554,,,,,,56202,,,,,,,,,,,,,,,,
2024-09-07 05:30:00,,,,,,,,,,,,,,,,,,592,,,,,,,,,0,,,,,,466,,,,,,54768,,,,,,,,,,,,,,,,
2024-09-07 05:35:00,,,,,,,,,,,,,,,,,,655,,,,,,,,,0,,,,,,518,,,,,,54756,,,,,,,,,,,,,,,,
2024-09-07 05:40:00,,,,,,,,,,,,,,,,,,570,,,,,,,,,0,,,,,,511,,,,,,53906,,,,,,,,,,,,,,,,
2024-09-07 05:45:00,,,,,,,,,,,,,,,,,,589,,,,,,,,,0,,,,,,390,,,,,,60800,,,,,,,,,,,,,,,,
2024-09-07 05:50:00,,,,,,,,,,,,,,,,,,582,,,,,,,,,0,,,,,,575,,,,,,45722,,,,,,,,,,,,,,,,
2024-09-07 05:55:00,,,,,,,,,,,,,,,,,,601,,,,,,,,,0,,,,,,543,,,,,,46217,,,,,,,,,,,,,,,,
2024-09-07 06:00:00,,,,,,,,,,,,,,,,,,608,,,,,,,,,0,,,,,,537,,,,,,52973,,,,,,,,,,,,,,,,
2024-09-07 06:05:00,,,,,,,,,,,,,,,,,,615,,,,,,,,,0,,,,,,563,,,,,,54861,,,,,,,,,,,,,,,,
2024-09-07 06:10:00,,,,,,,,,,,,,,,,,,627,,,,,,,,,0,,,,,,540,,,,,,46305,,,,,,,,,,,,,,,,
2024-09-07 06:15:00,,,,,,,,,,,,,,,,,,627,,,,,,,,,0,,,,,,577,,,,,,42632,,,,,,,,,569,,,,,,,
2024-09-07 06:20:00,,,,,,,,,,,,,,,,,,,,,,,,,,,0,,,,,,586,,,,,,42388,,,,,,,,,525,,,,,,,
2024-09-07 06:25:00,,,,,,,,,,,,,,,,,,,,,,,,,,,0,,,,,,569,,,,,,41733,,,,,,,,,535,,,,,,,
2024-09-07 06:30:00,,,,,,,,,,,,,,,,,,,,,,,,,,,0,,,,,,589,,,,,,40952,,,,,,,,,528,,,,,,,
2024-09-07 06:35:00,,,,,,,,,,,,,,,,,,,,,,,,,,,0,,,,,,579,,,,,,40478,,,,,,,,,547,,,,,,,
2024-09-07 06:40:00,,,,,,,,,,,,,,,,,,,,,,,,,,,0,,,,,,567,,,,,,40278,,,,,,,,,501,,,,,,,
2024-09-07 06:45:00,,,,,,,,,,,,,,,,,,,,,,,,,,,0,,,,,,608,,,,,,39176,,,,,,,,,509,,,,,,,
2024-09-07 06:50:00,,,,,,,,,,,,,,,,,,,,,,,,,,,0,,,,,,573,,,,,,39062,,,,,,,,,580,,,,,,,
2024-09-07 06:55:00,,,,,,,,,,,,,,,,,,,,,,,,,,,0,,,,,,598,,,,,,39098,,,,,,,,,554,,,,,,,
2024-09-07 07:00:00,,,,,,,,,,,,,,,,,,,,,,,,,,,0,,,,,,584,,,,,,38818,,,,,,,,,529,,,,,,,
2024-09-07 07:05:00,,,,,,,,,,,,,,,,,,,,,,,,,,,0,,,,,,593,,,,,,38885,,,,,,,,,498,,,,,,,
2024-09-07 07:10:00,,,,,,,,,,,,,,,,,,,,,,,,,,,0,,,,,,593,,,,,,39217,,,,,,,,,523,,,,,,,
2024-09-07 07:15:00,,,,,,,,,,,,,,,,,,,,,,,,,,,0,,,,,,609,,,,,,40155,,,,,,,,,523,,,,,,,
2024-09-07 07:20:00,,,,,,,,,,,,,,,,,,,,,,,,,,,0,,,,,,599,,,,,,41125,,,,,,,,,550,,,,,,,
2024-09-07 07:25:00,,,,,,,,,,,,,,,,,,,,,,,,,,,0,,,,,,610,,,,,,51717,,,,,,,,,603,,,,,,,
2024-09-07 07:30:00,,,,,,,,,,,,,,,,,,,,,,,,,,,0,,,,,,674,,,,,,37775,,,,,,,,,615,,,,,,,
2024-09-07 07:35:00,,,,,,,,,,,,,,,,,,,,,,,,,,,0,,,,,,647,,,,,,38645,,,,,,,,,607,,,,,,,
2024-09-07 07:40:00,,,,,,,,114,,,,,,,,,,,,,,,,,,,0,,,,,,683,,,,,,38488,,,,,,,,,,,,,,,,
2024-09-07 07:45:00,,,,,,,,57,,,,,,,,,,,,,,,,,,,0,,,,,,692,,,,,,39237,,,,,,,,,,,,,,,,
2024-09-07 07:50:00,,,,,,,,104,,,,,,,,,,,,,,,,,,,0,,,,,,652,,,,,,37717,,,,,,,,,,,,,,,,
2024-09-07 07:55:00,,,,,,,,114,,,,,,,,,,,,,,,2,,,,0,,,,,,645,,,,,,38773,,,,,,,,,,,,,,,,
2024-09-07 08:00:00,,,,,,,,156,,,,,,,,,,,,,,,12,,,,0,,,,,,652,,,,,,39748,,,,,,,,,,,,,,,,
2024-09-07 08:05:00,,,,,,,,175,,,,,,,,,,,,,,,32,,,,0,,,,,,702,,,,,,40591,,,,,,,,,,,,,,,,
2024-09-07 08:10:00,,,,,,,,211,,,,,,,,,,,,,,,40,,,,0,,,,,,733,,,,,,41882,,,,,,,,,,,,,,,,
2024-09-07 08:15:00,,,,,,,,232,,,,,,,,,,,,,,,43,,,,0,,,,,,754,,,,,,42845,,,,,,,,,,,,,,,,
2024-09-07 08:20:00,,,,,,,,242,,,,,,,,,,,,,,,74,,,,0,,,,,,802,,,,,,46553,,,,,,,,,,,,,,,,
2024-09-07 08:25:00,,,,,,,,274,,,,,,,,,,,,,,,93,,,,0,,,,,,839,,,,,,44971,,,,,,,,,,,,,,,,
2024-09-07 08:30:00,,,,,,,,251,,,,,,,,,,,,,,,108,,,,0,,,,,,882,,,,,,46093,,,,,,,,,,,,,,,,
2024-09-07 08:35:00,,,,,,,,292,,,,,,,,,,,,,,,115,,,,0,,,,,,879,,,,,,47149,,,,,,,,,,,,,,,,
2024-09-07 08:40:00,,,,,,,,328,,,,,,,,,,,,,,,119,,,,0,,,,,,836,,,,,,49448,,,,,,,,,,,,,,,,
2024-09-07 08:45:00,,,,,,,,263,,,,,,,,,,,,,,,106,,,,0,,,,,,888,,,,,,52071,,,,,,,,,,,,6,,,,
2024-09-07 08:50:00,,,,,,,,283,,,,,,,,,,,,,,,104,,,,0,,,,,,929,,,,,,53080,,,,,,,,,,,,108,,,,
2024-09-07 08:55:00,,,,,,,,345,,,,,,,,,,,,,,,96,,,,0,,,,,,934,,,,,,54983,,,,,,,,,,,,173,,,,
2024-09-07 09:00:00,,,,,,,,355,,,,,,,,,,,,,,,121,,,,0,,,,,,908,,,,,,57030,,,,,,,,,,,,258,,,,
2024-09-07 09:05:00,,,,,,,,349,,,,,,,,,,,,,,,139,,,,0,,,,,,893,,,,,,60604,,,,,,,,,,,,290,,,,
2024-09-07 09:10:00,,,,,,,,373,,,,,,,,,,,,,,,157,,,,0,,,,,,955,,,,,,64645,,,,,,22,,,,,,286,,,,
2024-09-07 09:15:00,,,,,,,,350,,,,,,,,,,,,,,,164,,,,0,,,,,,930,,,,,,68127,,,,,,33,,,,,,332,,,,
2024-09-07 09:20:00,,,,,,,,372,,,,,,,,,,,,,,,160,,,,0,,,,,,913,,,,,,71044,,,,,,85,,,,,,337,,,,
2024-09-07 09:25:00,,,,,,,,408,,,,,,,,,,,,,,,135,,,,0,,,,,,1013,,,,,,71652,,,,,,145,,,,,,348,,,,
2024-09-07 09:30:00,,,,,,,,425,,,,,,,,,,,,,,,127,,,,0,,,,,,1058,,,,,,77447,,,,,,235,,,,,,393,,,,
2024-09-07 09:35:00,,,,,,,,410,,,,,,,,,,,,,,,152,,,,0,,,,,,1077,,,,,,77902,,,,,,253,,,,,,397,,,,
2024-09-07 09:40:00,,,,,,,,425,,,,,,,,,,,,,,,136,,,,0,,,,,,1042,,,,,,81442,,,,,,299,,,,,,419,,,,
2024-09-07 09:45:00,,,,,,,,340,,,,,,,,,,,,,,,,,,,0,,,,,,1104,,,,,,84380,,,,,,328,,,,,,515,,,,
2024-09-07 09:50:00,,,,,,,,391,,,,,,,,,,,,,,,,,,,0,,,,,,1125,,,,,,86943,,,,,,348,,,,,,474,,,,
2024-09-07 09:55:00,,,,,,,,382,,,,,,,,,,,,,,,,,,,0,,,,,,1086,,,,,,93160,,,,,,382,,,,,,430,,,,
2024-09-07 10:00:00,,,,,,,,361,,,,,,,,,,,,,,,,,,,0,,,,,,1043,,,,,,96826,,,,,,415,,,,,,226,,,,
2024-09-07 10:05:00,,,,,,,,395,,,,,,,,,,,,,,,,,,,0,,,,,,1061,,,,,,101117,,,,,,410,,,,,,235,,,,
2024-09-07 10:10:00,,,,,,,,388,,,,,,,,,,,,,,,,,,,0,,,,,,1098,,,,,,103759,,,,,,449,,,,,,271,,,,
2024-09-07 10:15:00,,,,,,,,405,,,,,,,,,,,,,,,,,,,0,,,,,,1078,,,,,,106844,,,,,,464,,,,,,307,,,181,
2024-09-07 10:20:00,,,,,,,,371,,,,,,,,,,,,,,,,,,,0,,,,,,1126,,,,,,109634,,,,,,503,,,,,,330,,,181,
2024-09-07 10:25:00,,,,,,,,381,,,,,,,,,,,,,,,,,,,0,,,,,,1063,,,,,,110017,,,,,,530,,,,,,378,,,50,
2024-09-07 10:30:00,,,,,,,,372,,,,,,,,,,,,,,,,,,,0,,,,,,1052,,,,,,111549,,,,,,515,,,,,,403,,,308,
2024-09-07 10:35:00,,,,,,,,366,,,,,,,,,,,,,,,,,,,0,,,,,,1069,,,,,,112473,,,,,,536,,,,,,395,,,372,
2024-09-07 10:40:00,,,,,,,,396,,,,,,,,,,,,,,44,,,,,0,,,,,,1085,,,,,,114961,,,,,,449,,,,,,422,,,424,
2024-09-07 10:45:00,,,,,,,,376,,,,,,,,,,,,,,87,,,,,0,,,,,,1178,,,,,,117699,,,,,,460,,,,,,435,,,520,
2024-09-07 10:50:00,,,,,,,,383,,,,,,,,,,,,,,87,,,,,0,,,,,,1201,,,,,,125021,,,,,,495,,,,,,435,,,511,
2024-09-07 10:55:00,,,,,,,,353,,,,,,,,,,,,,,124,,,,,0,,,,,,1201,,,,,,129286,,,,,,505,,,,,,445,,,928,
2024-09-07 11:00:00,,,,,,,,369,,,,,,,,,,,,,,128,,,,,0,,,,,,1199,,,,,,131038,,,,,,513,,,,,,479,,,1173,
2024-09-07 11:05:00,,,,,,,,358,,,,,,,,,,,,,,139,,,,,0,,,,,,1116,,,,,,139797,,,,,,536,,,,,,441,,,1514,
2024-09-07 11:10:00,,,,,,,,,,,,,,,,,,,,,,135,,,,,0,,,,,,1169,,,,,,143362,,,,,,557,,,,,,449,,,1621,
2024-09-07 11:15:00,,,,,,,,,,,,,,,,,,,,,,142,,,,,0,,,,,,1045,,,,,,148043,,,,,,487,,,,,,1135,,,1794,
2024-09-07 11:20:00,,,,,,,,,,,,,,,,,,,,,,148,,,,,0,,,,,,968,,,,,,150560,,,,,,500,,,,,,1026,,,1965,
2024-09-07 11:25:00,,,,,,,,,,,,,,,,,,,,,,146,,,,,0,,,,,,1188,,,,,,153583,,,,,,500,,,,,,1040,,,2363,
2024-09-07 11:30:00,,,,,,,,,,,,,,,,,,,,,,146,,,,,0,,,,,,1133,,,,,,159399,,,,,,515,,,,,,983,,,2411,
2024-09-07 11:35:00,,,,,,,,,,,,,,,,,,,,,,146,,,,,0,,,,,,1172,,,,,,162965,,,,,,541,,,,,,989,,,2542,
2024-09-07 11:40:00,,,,,,,,,,,,,,,,,,,,,,,,,,,0,,,,,,1246,,,,,,165907,,,,,,531,,,,,,957,,,2559,
2024-09-07 11:45:00,,,,,,,,,,,,,,,,,,,,,,,,,,,0,,,,,,1148,,,,,,166893,,,,,,623,,,,,,977,,,2601,
2024-09-07 11:50:00,,,,,,,,,,,,,,,,,,,,,,,,,,,0,,,,,,1289,,,,,,173194,,,,,,582,,,,,,952,,,2661,
2024-09-07 11:55:00,,,,,,,,,,,,,,,,,,,,,,,,,,,0,,,,,,1128,,,,,,176812,,,,,,536,,,,,,910,,,2860,
2024-09-07 12:00:00,,,,,,,,,,,,,,,,,,,,,,,,,,,0,,,,,,1292,,,,,,184140,,,,,,568,,,,,,950,,,2957,
2024-09-07 12:05:00,,,,,,,,,,,,,,,,,,,,,,,,,,,0,,,,,,1165,,,,,,186924,,,,,,603,,,,,,893,,,2952,
2024-09-07 12:10:00,,,,,,,,,,,,,,,,,,,,,,,,,,,0,,,,,,1286,,,,,,188705,,,,,,613,,,,,,891,,,3115,
2024-09-07 12:15:00,,,,,,,,,,,,,,,,,,,,,,,,,,,0,,,,,,1227,,,,,,192712,,,,,,653,,,,,,854,,,3397,
2024-09-07 12:20:00,,,,,,,,,,,,,,,,,,,,,,,,,,,0,,,,,,1210,,,,,,193775,,,,,,627,,,,,,909,,,3194,
2024-09-07 12:25:00,,,,,,,,,,,,,,,,,,,,,,,,,,,0,,,,,,1105,,,,,,199659,,,,,,584,,,,,,950,,,3194,
2024-09-07 12:30:00,,,,,,,,,,,,,479,,,,,,,,,,,,,,0,,,,,,1174,,,,,,201953,,,,,,550,,,,,,964,,,3437,
2024-09-07 12:35:00,,,,,,,,,,,,,465,,,,,,,,,,,,,,0,,,,,,1123,,,,,,205010,,,,,,565,,,,,,948,,,3476,
2024-09-07 12:40:00,,,,,,,,,,,,,472,,,,,,,,,,,,,,0,,,,,,1123,,,,,,203186,,,,,,577,,,,,,922,,,3596,
2024-09-07 12:45:00,,,,,,,,,,,,,518,,,,,,,,,,,,,,0,,,,,,1143,,,,,,210389,,,,,,650,,,,,,948,,,3669,
2024-09-07 12:50:00,,,,,,,,,,,,,509,,,,,,,,,,,,,,0,,,,,,1107,,,,,,209215,,,,,,650,,,,,,898,,,3840,
2024-09-07 12:55:00,,,,,,,,,,,,,494,,,,,,,,,,,,,,0,,,,,,1200,,,,,,213562,,,,,,647,,,,,,295,,,3778,
2024-09-07 13:00:00,,,,,,,,,,,,,510,,,,,,,,,,34,,,,0,,,,,,1119,,,23,,,215776,,,,,,647,,,,,,277,,,3719,
2024-09-07 13:05:00,,,,,,,,,,,,,516,,,,,,,,,,94,,,,0,,,,,,1011,,,125,,,216484,,,,,,578,,,,,,286,,,4054,
2024-09-07 13:10:00,,,,,,,,201,,,,,540,,,,,,,,,,170,,,,0,,,,,,1022,,,125,,,223127,,,,,,605,,,,,,266,,,3924,
2024-09-07 13:15:00,,,,,,,,243,,,,,534,,,,,,,,,,240,,,,0,,,,,,1035,,,244,,,225041,,,,,,624,,,,,,270,,,3216,
2024-09-07 13:20:00,,,,,,,,247,,,,,577,,,,,,,,,,287,,,,0,,,,,,1065,,,377,,,228214,,,,,,634,,,,,,270,,,3310,
2024-09-07 13:25:00,,,,,,,,227,,,,,562,,,,,,,,,,381,,,,0,,,,,,1013,,,442,,,228805,,,,,,614,,,,,,,,,3465,
2024-09-07 13:30:00,,,,,,,,224,,,,,593,,,,,,,,,,408,,,,0,,,,,,1002,,,477,,,236021,,,,,,641,,,,,,,,,3372,
2024-09-07 13:35:00,,,,,,,,229,,,,,563,,,,,,,,,,437,,,,0,,,,,,984,,,506,,,237299,,,,,,632,,,,,,,,,3158,
2024-09-07 13:40:00,,,,,,,,229,,,,,555,,,,,,,,,,591,,,,0,,,,,,1013,,,520,,,245270,,,,,,589,,,,,,,,,3088,
2024-09-07 13:45:00,,,,,,,,176,,,,,582,,,,,,,,,,619,,,,0,,,,,,1000,,,602,,,253586,,,,,,569,,,,,,,,,2156,
2024-09-07 13:50:00,,,,,,,,220,,,,,559,,,,,,,,,,594,,,,0,,,,,,984,,,640,,,256235,,,,,,638,,,,,,,,,2108,
2024-09-07 13:55:00,,,,,,,,196,,,,,589,,,,,,,,,,815,,,,0,,,,,,1032,,,565,,,257571,,,,,,717,,,,,,,,,1927,
2024-09-07 14:00:00,,,,,,,,224,,,,,696,,,,,,,,,101,686,,,,0,,,,,,1062,,,495,,,252823,,,,,,701,,,,,,,,,1918,
2024-09-07 14:05:00,,,,,,,,202,,,,,860,,,,,,,,,47,551,,,,0,,,,,,1063,,,645,,,259899,,,,,,715,,,,,,,,,1889,
2024-09-07 14:10:00,,,,,,,,224,,,,,881,,,,,,,,,175,725,,,,0,,,,,,1032,,,645,,,261357,,,,,,736,,,,,,,,,1959,
2024-09-07 14:15:00,,,,,,,,210,,,,,785,,,,,,,,,148,632,,,,0,,,,,,1020,,,652,,,264616,,,,,,740,,,,,,,,,2080,
2024-09-07 14:20:00,,,,,,,,199,,,,,787,,,,,,,,,97,710,,,,0,,,,,,1004,,,779,,,262522,,,,,,683,,,,,,,,,1952,
2024-09-07 14:25:00,,,,,,,,216,,,,,805,,,,,,,,,,697,,,,0,,,,,,987,,,839,,,240361,,,,,,667,,,,,,,,,1854,
2024-09-07 14:30:00,,,,,,,,230,,,,,805,,,,,,,,,,843,,,,0,,,,,,1037,,,857,,,253468,,,,,,651,,,,,,,,,1984,
2024-09-07 14:35:00,,,,,,,,222,,,,,796,,,,,,,,,,898,,,,0,,,,,,978,,,925,,,256354,,92,,,,637,,,,,,,,,1984,
2024-09-07 14:40:00,,,,,,,,236,,,,,733,,,,,,,,,,872,,,,0,,,,,,978,,,941,,,257011,,96,,,,615,,,,,,,,,1963,
2024-09-07 14:45:00,,,,,,,,246,,,,,743,,,,,,,,,,891,,,,0,,,,,,988,,,795,,,253913,,101,,,,577,,,,,,,,,1997,
2024-09-07 14:50:00,,,,,,,,251,,,,,864,,,,,,,,,,753,,,,0,,,,,,988,,,755,,,252484,,121,,,,611,,,,,,,,,1997,
2024-09-07 14:55:00,,,,,,,,244,,,,,888,,,,,,,,,,891,,,,0,,,,,,1001,,,747,,,250128,,113,,,,562,,,,,,,,,2020,
2024-09-07 15:00:00,,,,,,,,249,,,,,850,,,,,,,,,,948,,,,0,,,,,,985,,,772,,,256373,,117,,,,572,,,,,,,,,1988,
2024-09-07 15:05:00,,,,,,,,235,,,,,881,,,,,,,,,,1083,,,,0,,,,,,985,,,780,,,251284,,122,,,,586,,,,,,,,,2099,
2024-09-07 15:10:00,,,,,,,,235,,,,,829,,,,,,,,,,1205,,,,0,,,,,,979,,,799,,,253065,,133,,,,611,,,,,,,,,2071,
2024-09-07 15:15:00,60,,,,,,,243,,,,,883,,,,,,,,,,1324,,,,0,,,,,,990,,,779,,,251124,,135,,,,671,,,,,,,,,1875,
2024-09-07 15:20:00,70,,,,,,,260,,,,,909,,,,,,,,,,1292,,,,0,,,,,,976,,,747,,,256897,,138,,,,685,,,,,,,,,1875,
2024-09-07 15:25:00,129,,,,,,,252,,,,,810,,,,,,,,,,1262,,,,0,,,,,,991,,,737,,,264271,,131,,,,696,,,,,,,,,1741,
2024-09-07 15:30:00,150,,,,,,,245,,,,,787,,,,,,,,,,1191,,,,0,,,,,,991,,,721,,,267785,,127,,,,610,,,,,,,,,1629,
2024-09-07 15:35:00,185,,,,,,,240,,,,,817,,,,,,,,,,1245,,,,0,,,,,,1002,,,781,,,268946,,120,,,,599,,,,,,,,,1782,
2024-09-07 15:40:00,225,,,,,,,228,,,,,874,,,,,,,,,,1350,,,,0,,,,,,1002,,,746,,,269241,,110,,,,589,,,,,,,,,1860,
2024-09-07 15:45:00,239,,,,,,,234,,,,,833,,,,,,,,,,1250,,,,0,,,,,,986,,,728,,,276550,,115,,,,607,,,,,,,,,1810,
2024-09-07 15:50:00,266,,,,,,,248,,,,,728,,,,,,,,,,1421,,,,0,,,,,,986,,,716,,,279144,,117,,,,608,,,,,,,,,1791,
2024-09-07 15:55:00,288,,,,,,,239,,,,,999,,,,,,,,,,1480,,,,0,,,,,,986,,,727,,,276992,,123,,,,608,,,,,,,,,1791,
2024-09-07 16:00:00,315,,,,,,,248,,,,,,,,,,,,,,,1440,,,,0,,,,,,970,,,670,,,285984,,109,,,,647,,,,,,,,,1820,
2024-09-07 16:05:00,315,,,,,,,233,,,,,,,,,,,,,,,1428,,,,0,,,,,,982,,,603,,,289921,142,,,,,625,,,,,,,,,1798,
2024-09-07 16:10:00,329,,,,,,,220,,,,,,,,,,,,,,,1350,,,,0,,,,,,968,,,571,,,293888,161,,,,,636,,,,,,,,,1853,
2024-09-07 16:15:00,387,,,,,,,216,,,,,,,,,,,,,,,1346,,,,0,,,,,,935,,,587,,,292754,128,,,,,596,,,,,,,,,1872,
2024-09-07 16:20:00,379,,,,,,,217,,,,,,,,,,,,,,,1448,,,,0,,,,,,922,,,622,,,294907,129,,,,,554,,,,,,,,,1898,
2024-09-07 16:25:00,411,,,,,,,217,,,,,,,,,,823,,,,,1474,,,,0,,,,,,948,,,663,,,289228,146,,,,,568,,,,,,,,,1977,
2024-09-07 16:30:00,456,,,,,,,222,,,,,,,,,,870,,,,,1501,,,,0,,,,,,936,,,690,,,294375,146,,,,,577,,,,,,,,,2020,
2024-09-07 16:35:00,450,,,,,,,234,,,,,,,,,,841,,,,,1495,,,,0,,,,,,952,,,628,,,297825,144,,,,,577,,,,,,,,,2051,
2024-09-07 16:40:00,467,,,,,,,228,,,,,,,,,,960,,,,,1570,,,,0,,,,,,902,,,652,,,291821,165,,,,,588,,,,,,,,3674,2682,
2024-09-07 16:45:00,435,,,,,,,221,,,,,,,,,,985,,,,,1595,,,,0,,,,,,902,,,698,,,290810,192,,,,,602,,,,,,,,3674,2789,
2024-09-07 16:50:00,426,,,,,,,228,,,,,,,,,,1013,,,,,1655,,,,0,,,,,,890,,,650,,,266937,143,,,,,614,,,,,,,,3854,2787,
2024-09-07 16:55:00,462,,,,,,,239,,,,,,,,,,1127,,,,,1657,,,,0,,,,,,890,,,657,,,275946,190,,,,,582,,,,,,,,3718,2810,
2024-09-07 17:00:00,457,,,,,,,230,,,,,,,,,,1012,,,,,1668,,,,0,,,,,,881,,,677,,,279490,170,,,,,590,,,,,,,,3416,2796,
2024-09-07 17:05:00,428,,,,,,,175,,,,,,,,,,921,,,,,1542,,,,0,,,,,,872,,,678,,,280149,154,,,,,547,,,,,,,,3718,2899,
2024-09-07 17:10:00,417,,,,,,,216,,,,,,,,,,1039,,,,0,1814,,,,0,,,,,,881,,,668,,,272611,156,,,,,555,,,,,,,,3971,2816,
2024-09-07 17:15:00,362,,,,,,,225,,,,,,,,,,1081,,,,,1751,,,,0,,,,,,881,,,679,,,277629,153,,,,,570,,,,,,,,4329,2927,
2024-09-07 17:20:00,405,,,,,,,229,,,,,,,,,,1139,,,,,1612,,,,0,,,,,,881,,,745,,,272210,156,,,,,579,,,,,,,,4389,2953,
2024-09-07 17:25:00,379,,,,,,,230,,,,,,,,,,1164,,,,,1674,,,,0,,,,,,860,,,694,,,276698,226,,,,,591,,,,,,,,4315,2994,
2024-09-07 17:30:00,359,,,,,,,207,,,,,,,,,,1341,,,,,1646,,,,0,,,,,,860,,,694,,,278476,277,,,,,602,,,,,,,,4271,3075,
2024-09-07 17:35:00,328,,,,,,,210,,,,,,,,,,1290,,,,,1722,,,,0,,,,,,841,,,,,,283657,289,,,,,602,,,,,,,,4329,2920,
2024-09-07 17:40:00,341,,,,,,,231,,,,,,,,,,1256,,,,,1697,,,,0,,,,,,867,,,,,,266275,304,,,,,626,,,,,,,,4729,3062,
2024-09-07 17:45:00,367,,,,,,,234,,,,,,,,,,1283,,,,,1723,,,,0,,,,,,858,,,,,,271797,311,,,,,597,,,,,,,,4566,2967,
2024-09-07 17:50:00,397,,,,,,,239,,,,,,,,,,1306,,,,,1702,,,,0,,,,,,868,,,,,,272059,254,,,,,608,,,,,,,,4562,3041,
2024-09-07 17:55:00,411,,,,,,,,,,,,,,,,,1404,,,,,1658,,,,0,,,,,,858,,,,,,278873,325,,,,,579,,,,,,,,4461,3046,
2024-09-07 18:00:00,420,,,,,,,,,,,,,,,,,1446,,,,,1543,3422,,,0,,,,,,858,,,,,,278210,307,,,,,588,,,,,,,,4426,3128,
2024-09-07 18:05:00,383,,,,,,,,,,,,,,,,,1501,,,,,1559,2702,,,0,,,,,,844,,,,,,272146,320,,,,,616,,,,,,,,4281,3208,
2024-09-07 18:10:00,439,,,,,,,,,,,,,,,,,1131,,,,,1621,2176,,,0,,,,,,877,,,,,,268588,332,,,,,630,,,,,,,,3286,2480,
2024-09-07 18:15:00,413,,,,,,,,,,,,,,,,,1076,,,,,1690,2202,,,0,,,,,,864,,,,,,284473,352,,,,,644,,,,,,,,3286,2230,
2024-09-07 18:20:00,310,,,,,,,,,,,,,,,,,1029,,,,,1685,2530,,,0,,,,,,845,,,,,,305602,331,,,,,611,,,,,,,,,2293,
2024-09-07 18:25:00,373,,,,,,,,,,,,,,,,,1030,,,,,1813,2648,,,0,,,,,,825,,,,,,305035,325,,,,,627,,,,,,,,,2360,
2024-09-07 18:30:00,400,,,,,,,,,,,,,,,,,1041,,,,,1852,2620,,,0,,,,,,821,,,,,,313323,308,,,,,600,,,,,,,,,2289,
2024-09-07 18:35:00,381,,,,,,,,,,,,,,,,,1041,,,,,1432,2714,,,0,,,,,,821,,,,,,312684,304,,,,,514,,,,,,,,,2307,
2024-09-07 18:40:00,419,,,,,,,,,,,,,,,,,1054,,,,,963,2686,,,0,,,,,,809,,,,,,314516,329,,,,,488,,,,,,,,,2300,
2024-09-07 18:45:00,394,,,,,,,,,,,,,,,,,1190,,,,,803,2772,,,0,,,,,,800,,,,,,317475,333,,,,,474,,,,,,,,,2300,
2024-09-07 18:50:00,378,,,,,,,,,,,,,,,,,,,,,,1062,2740,,,0,,,,,,788,,,,,,316872,364,,,,,498,,,,,,,,,2067,
2024-09-07 18:55:00,,,,,,,,,,,,,,,,,,,,,,,1141,2342,,,0,,,,,,797,,,,,,320387,328,,,,,517,,,,,,,,,2256,
2024-09-07 19:00:00,,,,,,,,,,,,,,,,,,,,,,,1367,2342,,,0,,,,,,821,,,,,,308686,346,,,,,531,,,,,,,,,2350,
2024-09-07 19:05:00,,,,,,,,,,,,,,,,,,,,,,,1055,,,,0,,,,,,821,,,,,,296281,425,,,,,548,,,,,,,,,2338,
2024-09-07 19:10:00,,,,,,,,,,,,,,,,,,,,,,,1413,,,,0,,,,,,821,,,,,,293340,544,,,,,648,,,,,,,,,4294,
2024-09-07 19:15:00,,,,,,,,,,,,,,,,,,,,,,,1476,,,,0,,,,,,830,,,,,,295340,596,,,,,590,,,,,,,,,2456,
2024-09-07 19:20:00,,,,,,,,,,,,,,,,,,,,,,,1209,,,,0,,,,,,834,,,,,,309025,601,,,,,,,,,,,,,,1561,
2024-09-07 19:25:00,,,,,,,,,,,,,,,,,,,,,,,1091,,,,0,,,,,,805,,,,,,315527,593,,,,,,,,,,,,,,1526,
2024-09-07 19:30:00,,,,,,,,,,,,,,,,,,,,,,,915,,,,0,,,,,,791,,,,,,315292,624,,,,,,,,,,,,,,1547,
2024-09-07 19:35:00,,,,,,,,,,,,,,,,,,,,,,,1245,,,,0,,,,,,811,,,,,,320327,622,,,,,,,,,,,,,,1498,
2024-09-07 19:40:00,,,,,,,,,,,,,,,,,,,,,,,1408,,,,0,,,,,,768,,,,,,321618,627,,,,,,,,,,,,,,1549,
2024-09-07 19:45:00,,,,,,,,,,,,,,,,,,,,,,,1392,,,,0,,,,,,784,,,,,,330262,631,,,,,,,,,,,,,,1521,
2024-09-07 19:50:00,,,,,,,,,,,,,,,,,,,,,,,1447,,,,0,,,,,,772,,,,,,325775,625,,,,,,,,,,,,,,1365,
2024-09-07 19:55:00,,,,,,,,,,,,,,,,,,,,,,,1520,,,,0,,,,,,788,,,,,,328384,621,,,,,,,,,,,,,,1556,
2024-09-07 20:00:00,,,,,,,,,,,,,,,,,,,,,,,1362,,,,0,,,,,,788,,,,,,337613,604,,,,,,,,,,,,,,1431,
2024-09-07 20:05:00,,,,,,,,,,,,,,,,,,,,,,,1270,,,,0,,,,,,788,,,,,,335223,596,,,,,,,,,,,,,,1431,
2024-09-07 20:10:00,,,,,,,,,,,,,,,,,,,,,,,1140,,,,0,,,,,,780,,,,,,329803,590,,,,,,,,,,,,,,,
2024-09-07 20:15:00,,,,,,,,,,,,,,,,,,,,,,,920,,,,0,,,,,,780,,,,,,347943,554,,,,,,,,,,,,,,,
2024-09-07 20:20:00,,,,,,,,,,,,,,,,,,,,,,,1251,,,,0,,,,,,780,,,,,,336013,513,,,,,,,,,,,,,,,
2024-09-07 20:25:00,170,,,,,,,,,,,,,,,,,,,,,,1273,,,,0,,,,,,802,,,,,,337333,322,,,,,,,,,,,,,,,
2024-09-07 20:30:00,176,,,,,,,,,,,,,,,,,,,,,,1234,,,,0,,,,,,793,,,,,,341209,329,,,,,,,,,,,,,,,
2024-09-07 20:35:00,178,,,,,,,,,,,,,,,,,,,,,,1331,,,,0,,,,,,793,,,,,,342836,326,,,,,,,,,,,,,,,
2024-09-07 20:40:00,180,,,,,,,,,,,,,,,,,,,,,,1361,,,,0,,,,,,811,,,,,,338346,305,,,,,,,,,,,,,,,
2024-09-07 20:45:00,174,,,,,,,,,,,,,,,,,,,,,,1423,,,,0,,,,,,787,,,,,,334373,319,,,,,,,,,,,,,,,
2024-09-07 20:50:00,187,,,,,,,,,,,,,,,,,,,,,,1401,,,,0,,,,,,777,,,,,,339272,306,,,,,,,,,,,,,,,
2024-09-07 20:55:00,173,,,,,,,,,,,,,,,,,,,,,,1400,,,,0,,,,,,810,,,,,,335145,325,,,,,,,,,,,,,,,
2024-09-07 21:00:00,175,,,,,,,,,,,,,,,,,,,,,,1287,,,,0,,,,,,810,,,,,,336389,321,,,,,,,,,,,,,,,
2024-09-07 21:05:00,221,,,,191,,,,,,,,,,,,,,,,,,1187,,,,0,,,,,,784,,,,,,343430,313,,,,,,,,,,,,,,313,
2024-09-07 21:10:00,201,,,,207,,,,,,,,,,,,,,,,,,1299,,,,0,,,,,,772,,,,,,354214,,,,,,,,,,,,,,,346,95
2024-09-07 21:15:00,192,,,,226,,,,,,,,,,,,,,,,,,1194,,,,0,,,,,,798,,,,,,361820,,,,,,,,,,,,,,,360,95
2024-09-07 21:20:00,,,,,204,,,,,,,,,,,,,,,,,,1014,,,,0,,,,,,777,,,,,,363593,,,,,,,,,,,,,,,364,
2024-09-07 21:25:00,,,,,199,,,,,,,,,,,,,,,,,,1271,,,,0,,,,,,784,,,,,,374832,,,,,,,,,,,,,,,372,
2024-09-07 21:30:00,,,,,182,,,,,,,,,,,,,,,,,,1353,,,,0,,,,,,768,,,,,,374002,,,,,,,,,,,,,,,367,
2024-09-07 21:35:00,,,,,192,,,,,,,,,,,,,,,,,,1215,,,,0,,,,,,768,,,,,,380838,,,,,,,,,,,,,,,389,
2024-09-07 21:40:00,,,,,195,,,,,,,,,,,,,,,,,,1160,,,,0,,,,,,779,,,,,,384815,,,,,,,,,,,,,,,369,
2024-09-07 21:45:00,,,,,189,,,,,,,,,,,,,,,,,,1355,,,,0,,,,,,769,,,,,,385476,,,,,,,,,,,,,,,377,
2024-09-07 21:50:00,,,,,204,,,,,,,,,,,,,,,,,,1387,,,,0,,,,,,769,,,,,,375818,,,,,,,,,,,,,,,417,
2024-09-07 21:55:00,,,,,188,,,,,,,,,,,,,,,,,,1596,,,,0,,,,,,776,,,,,,377467,,,,,,,,,,,,,,,387,
2024-09-07 22:00:00,,,,,198,,,,,,,,,,,,,,,,,,1522,,,,0,,,,,,776,,,,,,378800,,,,,,,,,,,,,,,385,
2024-09-07 22:05:00,,,,,183,,,,,,,,,,,,,,,,,,1688,,,,0,,,,,,776,,,,,,371633,,,,,,,,,,,,,,,406,
2024-09-07 22:10:00,,,,,202,,,,,,,,,,,,,,,,,,1726,,,,0,,,,,,784,,,,,,371260,,,,,,,,,,,,,,,396,
2024-09-07 22:15:00,,,,,207,,,,,,,,,,,,,,,,,,1780,,,,0,,,,,,773,,,,,,371573,,,,,,,,,,,,,,,387,
2024-09-07 22:20:00,,,,,191,,,,,,,,,,,,,,,,,,1678,,,,0,,,,,,773,,,,,,366588,,,,,,,,,,,,,,,402,
2024-09-07 22:25:00,,,,,219,,,,,,,,,,,,,,,,,,1709,,,,0,,,,,,797,,,,,,349694,,,,,,,,,,,,,,,411,
2024-09-07 22:30:00,,,,,229,,,,,,,,,,,,,,,,,0,1669,,,,0,,,,,,777,,,,,,355361,,,,,,,,,,,,,,,401,
2024-09-07 22:35:00,,,,,219,,,,,,,,,,,,,,,,,152,1634,,,,0,,,,,,803,,,,,,361073,,,,,,,,,,,,,,,408,
2024-09-07 22:40:00,,,,,200,,,,,,,,,,,,,,,,,206,1427,,,,0,,,,,,818,,,,,,359369,,,,,,,,,,,,,,,388,
2024-09-07 22:45:00,,,,,192,,,,,,,,,,,,,,,,,267,1436,,,,0,,,,,,781,,,,,,358097,,,,,,,,,,,,,,,393,
2024-09-07 22:50:00,,,,,202,,,,,,,,,,,,,,,,,363,651,,,,0,,,,,,767,,,,,,361943,,,,,,,,,,,,,,,399,
2024-09-07 22:55:00,,,,,202,,,,,,,,,,,,,,,,,411,735,,,,0,,,,,,744,,,,,,364413,,,,,,,,,,,,,,,366,
2024-09-07 23:00:00,,,,,214,,,,,,,,,,,,,,,,,378,608,,,,0,,,,,,736,,,,,,355235,,,,,,,,,,,,,,,422,
2024-09-07 23:05:00,,,,,223,,,,,,,,,,,,,,,,,424,776,,,,0,,,,,,762,,,,,,364033,,,,,,,,,,,,,,,415,
2024-09-07 23:10:00,,,,,,,,,,,,,,,,,,,,,,573,785,,,,0,,,,,,738,,,,,,384955,,,,,,,,,,,,,,7733,,
2024-09-07 23:15:00,,,,,,,,,,,,,,,,,,,,,,684,775,,,,0,,,,,,738,,,,,,366561,,,,,,,,,,,,,,7012,,
2024-09-07 23:20:00,,,,,,,,,,,,,,,,,,,,,,623,714,,,,0,,,,,,714,,,,,,366146,,,,,,,,,,,,,,7134,,
2024-09-07 23:25:00,,,,,,,,,,,,,,,,,,,,,,534,681,,,,0,,,,,,714,,,,,,373099,,,,,,,,,,,,,,7049,,
2024-09-07 23:30:00,,,,,,,,,,,,,,,,,,,,,,569,681,,,,0,,,,,,726,,,,,,370654,,,,,,,,,,,,,,6860,,
2024-09-07 23:35:00,177,,,,,,,,,,,,,,,,,,,,,616,753,,,,0,,,,,,718,,,,,,372931,,,,,,,,,,,,,,6636,,
2024-09-07 23:40:00,253,,,,,,,,,,,,,,,,,,,,,608,819,,,,0,,,,,,709,,,,,,370182,,,,,,,,,,,,,,6649,,
2024-09-07 23:45:00,275,,,,,,,,,,,,,,,,,,,,,617,800,,,,0,,,,,,709,,,,,,367780,,,,,,,,,,,,,,6190,,
2024-09-07 23:50:00,365,,,,,,,,,,,,,,,,,,,,,696,849,,,,0,,,,,,693,,,,,,362960,,,,,,,,,,,,,,6098,,
2024-09-07 23:55:00,439,,,,,,,,,,,,,,,,,,,,,778,775,,,,0,,,,,,715,,,,,,365673,,,,,,,,,,,,,,6072,,
2024-09-08 00:00:00,421,,,,,,,,,,,,,,,,,,,,,901,857,,,,0,,,,,,703,,,,,,358065,,,,,,,,,,,,,,5876,,
2024-09-08 00:05:00,463,,,,,,,,,,,,,,,,,,,,,860,744,,,,0,,,,,,691,,,,,,353504,,,,,,,,,,,,,,5965,,
2024-09-08 00:10:00,437,,,,,,,,,,,,,,,,,,,,,709,733,,,,0,,,,,,684,,,,,,354825,,,,,,,,,,,,,,5811,,
2024-09-08 00:15:00,414,,,,,,,,,,,,,,,,,,,,,777,628,,,,0,,,,,,684,,,,,,349707,,,,,,,,,,,,,,5715,,
2024-09-08 00:20:00,515,,,,,,,,,,,,,,,,,,,,,654,811,,,,0,,,,,,673,,,,,,347273,,,,,,,,,,,,,,5496,,
2024-09-08 00:25:00,475,,,,,,,,,,,,,,,,,,,,,850,745,,,,0,,,,,,658,,,,,,347951,,,,,,,,,,,,,,5415,,
2024-09-08 00:30:00,475,,,,576,,,,,,,,,,,,,,,,,747,745,,,,0,,,,,,651,,,,,,352354,,,,,,,,,,,,,,4869,,
2024-09-08 00:35:00,,,,,549,,,,,,,,,,,,,,,,,821,,,,,0,,,,,,639,,,,,,353951,,,,,,,,,,,,,,4617,,
2024-09-08 00:40:00,,,,,458,,,,,1771,,,,,,,,,,,,890,,,,,0,,,,,,668,,,,,,341138,,,,,,,,,,,,,,3305,,
2024-09-08 00:45:00,,,,,475,,,,,1818,,,,,,,,,,,,1058,,,,,0,,,,,,719,,,,,,313993,,,,,,,,,,,,,,,,
2024-09-08 00:50:00,,,,,464,,,,,1624,,,,,,,,,,,,936,,,,,0,,,,,,683,,,,,,301506,,,,,,,,,,,,,,,,
2024-09-08 00:55:00,,,,,188,,,,,1624,,,,,,,,,,,,1123,,,,,0,,,,,,659,,,,,,300214,,,,,,,,,,,,,,,,
2024-09-08 01:00:00,,,,,229,,,,,,,,,,,,,,,,,1082,,,,,0,,,,,,671,,,,,,301734,,,,,,,,,,,,,,,,
2024-09-08 01:05:00,,,,,208,,,,,,,,,,,,,,,,,1066,,,,,0,,,,,,615,,,,,,307225,,,,,,,,,,,,,,,,
2024-09-08 01:10:00,,,,,188,,,,,,,,,,,,,,,,,1050,,,,,0,,,,,,590,,,,,,310027,,,,,,,,,,,,,,,,
2024-09-08 01:15:00,,,,,163,,,,,,,,,,,,,,,,,967,,,,,0,,,,,,575,,,,,,308089,,,,,,,,,,,,,,,,
2024-09-08 01:20:00,,,,,239,,,,,,,,,,,,,,,,,1040,,,,,0,,,,,,569,,,,,,306772,,,,,,,,,,,,,,,,
2024-09-08 01:25:00,,,,,202,,,,,,,,,,,,,,,,,1166,,,,,0,,,,,,552,,,,,,300697,,,,,,,,,,,,,,,,
2024-09-08 01:30:00,,,1117,,,,,,,,,,,,,,,,,,,974,,,,,0,,,,,,561,,,,,,304031,,,,,,,,,,,,,,,,
2024-09-08 01:35:00,,,1257,,,,,,,,,,,,,,,,,,,1011,,,,,0,,,,,,558,,,,,,270420,,,,,,,,,,,,,,,,
2024-09-08 01:40:00,,,1313,,,,,,,,,,,,,,,,,,,894,,,,,0,,,,,,558,,,,,,260878,,,,,,,,,,,,,,,,
2024-09-08 01:45:00,,,1358,,,,,,,,,,,,,,,,,,,1051,,,,,0,,,,,,557,,,,,,252149,,,,,,,,,,,,,,,,
2024-09-08 01:50:00,,,1304,,,,,,,,,,,,,,,,,,,1148,,,,,0,,,,,,543,,,,,,246638,,,,,,,,,,,,,,,,
2024-09-08 01:55:00,,,1320,,,,,,,,,,,,,,,,,,,1135,,,,,0,,,,,,535,,,,,,236616,,,,,,,,,,,,,,,,
2024-09-08 02:00:00,,,1446,,,,,,,,,,,,,,,,,,,1364,,,,,0,,,,,,553,,,,,,219678,,,,,,,,,,,,,,,,
2024-09-08 02:05:00,,,1419,,,,,,,,,,,,,,,,,,,1575,,,,,0,,,,,,567,,,,,,212926,,,,,,,,,,,,,,,,
2024-09-08 02:10:00,,,1369,,,,,,,,,,,,,,,,,,,1494,,,,,0,,,,,,534,,,,,,213074,,,,,,,,,,,,,,,,
2024-09-08 02:15:00,,,1182,,,,,,,,,,,,,,,,,,,1522,,,,,0,,,,,,506,,,,,,212698,,,,,,,,,,,,,,,,
2024-09-08 02:20:00,,,1133,,,,,,,,,,,,,,,,,,,1399,,,,,0,,,,,,483,,,,,,202372,,,,,,,,,,,,,,,,
2024-09-08 02:25:00,,,1197,,,,,,,,,,,,,,,,,,,1123,,,,,0,,,,,,462,,,,,,202998,,,,,,,,,,,,,,,,
2024-09-08 02:30:00,,,1115,,,,,,,,,,,,,,,,,,,825,,,,,0,,,,,,468,,,,,,200278,,,,,,,,,,,,,,,,
2024-09-08 02:35:00,,,1099,,,,,,,,,,,,,,,,,,,839,,,,,0,,,,,,460,,,,,,202010,,,,,,,,,,,,,,,,
2024-09-08 02:40:00,,,1069,,,,,,,,,,,,,,,,,,,851,,,,,0,,,,,,478,,,,,,183019,,,,,,,,,,,,,,,,
2024-09-08 02:45:00,,,796,,,,,,,,,,,,,,,,,,,865,,,,,0,,,,,,472,,,,,,186520,,,,,,,,,,,,,,,,
2024-09-08 02:50:00,,,,,,,,,,,,,,,,,,,,95,,915,,,,,0,,,,,,465,,,,,,174721,,,,,,,,,,,,,,,,
2024-09-08 02:55:00,,,,,,,,,,,,,,,,,,,,85,,1064,,,,,0,,,,,,459,,,,,,171740,,,,,,,,,,,,,,,,
2024-09-08 03:00:00,,,,,,,,,,,,,,,,,,,,88,,1005,,,,,0,,,,,,465,,,,,,179244,,,,,,,,,,,,,,,,
2024-09-08 03:05:00,,,,,,,,,,,,,,,,,,,,86,,1050,,,,,0,,,,,,450,,,,,,163956,,,,,,,,,,,,,,,,
2024-09-08 03:10:00,,,,,,,,,,,,,,,,,,,,79,,1101,,,,,0,,,,,,461,,,,,,159191,,,,,,,,,,,,,,,,
2024-09-08 03:15:00,,,,,,,,,,,,,,,,,,,,70,,1017,,,,,0,,,,,,492,,,,,,157521,,,,,,,,,,,,,,,,
2024-09-08 03:20:00,,,,,,,,,,,,,,,,,,,,73,,1079,,,,,0,,,,,,513,,,,,,154035,,,,,,,,,,,,,,,,
2024-09-08 03:25:00,,,,,,,,,,,,,,,,,,,,71,,1049,,,,,0,,,,,,449,,,,,,152455,,,,,,,,,,,,,,,,
2024-09-08 03:30:00,,,,,,,,,,,,,,,,,,,,65,,1063,,,,,0,,,,,,419,,,,,,148719,,,,,,,,,,,,,,,,
2024-09-08 03:35:00,,,,,,,,,,,,,,,,,,,,62,,1031,,,,,0,,,,,,408,,,,,,145486,,,,,,,,,,,,,,,,
2024-09-08 03:40:00,,,,,,,,,,,,,,,,,,,,62,,1047,,,,,0,,,,,,402,,,,,,146770,,,,,,,,,,,,,,,,
2024-09-08 03:45:00,,,,,,,,,,,,,,,,,,,,57,,973,,,,,0,,,,,,409,,,,,,145078,,,,,,,,,,,,,,,,
2024-09-08 03:50:00,,,,,,,,,,,,,,,,,,,,62,,1042,,,,,0,,,,,,380,,,,,,140990,,,,,,,,,,,,,,,,
2024-09-08 03:55:00,,,,,,,,,,,,,,,,,,,,58,,888,,,,,0,,,,,,395,,,,,,140243,,,,,,,,,,,,,,,,
2024-09-08 04:00:00,,,,,,,,,,,,,,,,,,,,55,,1031,,,,,0,,,,,,391,,,,,,120092,,,,,,,,,,,,,,,,
2024-09-08 04:05:00,,,,,,,,,,,,,,,,,,,,56,,1004,,,,,0,,,,,,417,,,,,,121639,,,,,,,,,,,,,,,,
2024-09-08 04:10:00,,,,,,,,,,,,,,,,,,,,48,,999,,,,,0,,,,,,408,,,,,,111458,,,,,,,,,,,,,,,,
2024-09-08 04:15:00,,,,,,,,,,,,,,,,,,,,58,,916,,,,,0,,,,,,486,,,,,,106201,,,,,,,,,,,,,,,,
2024-09-08 04:20:00,,,,,,,,,,,,,,,,,,,,61,,,,,,,0,,,,,,450,,,,,,105430,,,,,,,,,,,,,,,,
2024-09-08 04:25:00,,,,,,,,,,,,,,,,,,,,57,,,,,,,0,,,,,,390,,,,,,103931,,,,,,,,,,,,,,,,
2024-09-08 04:30:00,,,,,,,,,,,,,,,,,,,,59,,,,,,,0,,,,,,430,,,,,,100706,,,,,,,,,,,,,,,,
2024-09-08 04:35:00,,,,,,,,,,,,,,,,,,,,58,,,,,,,0,,,,,,475,,,,,,94821,,,,,,,,,,,,,,,,
2024-09-08 04:40:00,,,,,,,,,,,,,,,,,,,,54,,,,,,,0,,,,,,485,,,,,,91930,,,,,,,,,,,,,,,,
2024-09-08 04:45:00,,,,,,,,,,,,,,,,,,,,57,,,,,,,0,,,,,,470,,,,,,88247,,,,,,,,,,,,,,,,
2024-09-08 04:50:00,,,,,,,,,,,,,,,,,,,,55,,,,,,,0,,,,,,396,,,,,,87446,,,,,,,,,,,,,,,,
2024-09-08 04:55:00,,,,,,,,,,,,,,,,,,,,57,,,,,,,0,,,,,,462,,,,,,80836,,,,,,,,,,,,,,,,
2024-09-08 05:00:00,,,,,,,,,,,,,,,,,,,,60,,,,,,,0,,,,,,448,,,,,,79083,,,,,,,,,,,,,,,,
2024-09-08 05:05:00,,,,,,,,,,,,,,,,,,,,57,,,,,,,0,,,,,,383,,,,,,77416,,,,,,,,,,,,,,,,
2024-09-08 05:10:00,,,,,,,,,,,,,,,,,,,,58,,,,,,,0,,,,,,472,,,,,,75658,,,,,,,,,,,,,,,,
2024-09-08 05:15:00,,,,,,,,,,,,,,,,,,,,54,,,,,,,0,,,,,,437,,,,,,72924,,,,,,,,,,,,,,,,
2024-09-08 05:20:00,,,,,,,,,,,,,,,,,,,,57,,,,,,,0,,,,,,422,,,,,,78691,,,,,,,,,,,,,,,,
2024-09-08 05:25:00,,,,,,,,,,,,,,,,,,,,55,,,,,,,0,,,,,,489,,,,,,62172,,,,,,,,,,,,,,,,
2024-09-08 05:30:00,,,,,,,,,,,,,,,,,,,,58,,,,,,,0,,,,,,425,,,,,,61083,,,,,,,,,,,,,,,,
2024-09-08 05:35:00,,,,,,,,,,,,,,,,,,,,62,,,,,,,0,,,,,,486,,,,,,59998,,,,,,,,,,,,,,,,
2024-09-08 05:40:00,,,,,,,,,,,,,,,,,,,,62,,,,,,,0,,,,,,474,,,,,,67626,,,,,,,,,,,,,,,,
2024-09-08 05:45:00,,,,,,,,,,,,,,,,,,,,60,,,,,,,0,,,,,,492,,,,,,50502,,,,,,,,,,,,,,,,
2024-09-08 05:50:00,,,,,,,,,,,,,,,,,,,,54,,,,,,,0,,,,,,497,,,,,,48686,,,,,,,,,,,,,,,,
2024-09-08 05:55:00,,,,,,,,,,,,,,,,,,,,62,,,,,,,0,,,,,,500,,,,,,48054,,,,,,,,,,,,,,,,
2024-09-08 06:00:00,,,,,,,,,,,,,,,,,,,,57,,,,,,,0,,,,,,473,,,,,,50061,,,,,,,,,,,,,,,,
2024-09-08 06:05:00,,,,,,,,,,,,,,,,,,,,58,,,,,,,0,,,,,,410,,,,,,57903,,,,,,,,,,,,,,,,
2024-09-08 06:10:00,,,,,,,,,,,,,,,,,,,,57,,,,,,,0,,,,,,517,,,,,,38799,,,,,,,,,,,,,,,,
2024-09-08 06:15:00,,,,,,,,,,,,,,,,,,,,61,,,,,,,0,,,,,,476,,,,,,37629,,,,,,,,,,,,,,,,
2024-09-08 06:20:00,,,,,,,,,,,,,,,,,,,,60,,,,,,,0,,,,,,510,,,,,,37789,,,,,,,,,,,,,,,,
2024-09-08 06:25:00,,,,,,,,,,,,,,,,,,,,61,,,,,,,0,,,,,,410,,,,,,37002,,,,,,,,,,,,,,,,
2024-09-08 06:30:00,,,,,,,,,,,,,,,,,,,,50,,,,,,,0,,,,,,530,,,,,,35567,,,,,,,,,,,,,,,,
2024-09-08 06:35:00,,,,,,,,,,,,,,,,,,,,57,,,,,,,0,,,,,,502,,,,,,35518,,,,,,,,,,,,,,,,
2024-09-08 06:40:00,,,,,,,,,,,,,,,,,,,,53,,,,,,,0,,,,,,540,,,,,,35165,,,,,,,,,,,,,,,,
2024-09-08 06:45:00,,,,,,,,,,,,,,,,,,,,57,,,,,,,0,,,,,,552,,,,,,34835,,,,,,,,,,,,,,,,
2024-09-08 06:50:00,,,,,,,,,,,,,,,,,,,,41,,,,,,,0,,,,,,520,,,,,,34193,,,,,,,,,,,,,,,,
2024-09-08 06:55:00,,,,,,,,,,,,,,,,,,,,60,,,,,,,0,,,,,,539,,,,,,34160,,,,,,,,,,,,,,,,
2024-09-08 07:00:00,,,,,,,,,,,,,,,,,,,,57,,,,,,,0,,,,,,524,,,,,,34599,,,,,,,,,,,,,,,,
2024-09-08 07:05:00,,,,,,,,,,,,,,,,,,,,64,,,,,,,0,,,,,,561,,,,,,32262,,,,,,,,,,,,,,,,
2024-09-08 07:10:00,,,,,,,,,,,,,,,,,,,,60,,,,,,,0,,,,,,556,,,,,,32221,,,,,,,,,,,,,,,,
2024-09-08 07:15:00,,,,,,,,,,,,,,,,,,,,73,,,,,,,0,,,,,,606,,,,,,32319,,,,,,,,,,,,,,,,
2024-09-08 07:20:00,,,,,,,,,,,,,,,,,,,,71,,,,,,,0,,,,,,582,,,,,,32675,,,,,,,,,,,,,,,,
2024-09-08 07:25:00,,,,,,,,,,,,,,,,,,,,74,,,,,,,0,,,,,,562,,,,,,32482,,,,,,,,,,,,,,,,
2024-09-08 07:30:00,,,,,,,,,,,,,,,,,,,,72,,,,,,,0,,,,,,614,,,,,,32545,,,,,,,,,,,,,,,,
2024-09-08 07:35:00,,,,,,,,,,,,,,,,,,,,69,,,,,,,0,,,,,,583,,,,,,33104,,,,,,,,,,,,,,,,
2024-09-08 07:40:00,,,,,,,,,,,,,,,,,,,,74,,,,,,,0,,,,,,652,,,,,,33409,,,,,,,,,,,,,,,,
2024-09-08 07:45:00,,,,,,,,,,,,,,,,,,,,68,,,,,,,0,,,,,,681,,,,,,33612,,,,,,,,,,,,,,,,
2024-09-08 07:50:00,,,,,,,,,,,,,,,,,,,,60,,,,,,,0,,,,,,666,,,,,,34033,,,,,,,,,,,,,,,,
2024-09-08 07:55:00,,,,,,,,,,,,,,,,,,,,73,,,,,,,0,,,,,,687,,,,,,34259,,,,,,,,,,,,,,,,
2024-09-08 08:00:00,,,,,,,,,,,,,,,,,,,,70,,,,,,,0,,,,,,780,,,,,,34302,,,,,,,,,,,,,,,,
2024-09-08 08:05:00,,,,,,,,,,,,,,,,,,,,76,,,,,,,0,,,,,,722,,,,,,34902,,,,,,,,,,,,,,,,
2024-09-08 08:10:00,,,,,,,,,,,,,,,,,,,,71,,,,,,,0,,,,,,781,,,,,,35575,,,,,,,,,,,,,,,,
2024-09-08 08:15:00,,,,,,,,,,,,,,,,,,,,56,,,,,,,0,,,,,,781,,,,,,36197,,,,,,,,,,,,,,,,
2024-09-08 08:20:00,,,,,,,,,,,,,,,,,,,,60,,,,,,,0,,,,,,879,,,,,,36404,,,,,,,,,,,,,,,,
2024-09-08 08:25:00,,,,,,,,,,,,,,,,,,,,74,,,,,,,0,,,,,,970,,526,,,,37540,,,,,,,,,,,,,,,,
2024-09-08 08:30:00,,,,,,,,,,,,,,,,,,,,57,,,,,,,0,,,,,,981,,,,,,38592,,,,,,,,,,,,,,,,
2024-09-08 08:35:00,,,,,,,,,,,,,,,,,,,,61,,,,,,,0,,,,,,1030,,,,,,39455,,,,,,,,,,,,,,,,
2024-09-08 08:40:00,,,,,,,,,,,,,,,,,,,,62,,,,,,,0,,,,,,1046,,,,,,40218,,,,,,,,,,,,,,,,
2024-09-08 08:45:00,,,,,,,,,,,,,,,,,,,,70,,,,,,,0,,,,,,1092,,,,,,41071,,,,,,,,,,,,,,,,
2024-09-08 08:50:00,,,,,,,,,,,,,,,,,,,,61,,,,,,,0,,,,,,1281,,,,,,41722,,,,,,,,,,,,,,,,
2024-09-08 08:55:00,,,,,,,,,,,,,,,,,,,,73,,,,,,,0,,,,,,1252,,,,,,43177,,,,,,,,,,,,,,,,
2024-09-08 09:00:00,,,,,,,,,,,,,,,,,,,,91,,,,,,,0,,,,,,1373,,,,,,44318,,,,,,,,,,,,,,,,
2024-09-08 09:05:00,,,,,,,,,,,,,,,,,,,,71,,,,,,,0,,,,,,1553,,,,,,46124,,,,,,,,,,,,,,,,
2024-09-08 09:10:00,,,,,,,,,,,,,,,,,,,,100,,,,,,,0,,,,,,1667,,,,,,48422,,,,,,,,,,,,,,,,
2024-09-08 09:15:00,,,,,,,,,,,,,,,,,,,,80,,,,,,,0,,,,,,1561,,,,,,49647,,,,,,,,,,,,,,,,
2024-09-08 09:20:00,,,,,,,,,,,,,,,,,,,,85,,,,,,,0,,,,,,1447,,,,,,52019,,,,,,,,,,,,,,,,
2024-09-08 09:25:00,,,,,,,,,,,,,,,,,,,,101,,,,,,,0,,,,,,1593,,,,,,59705,,,,,,,,,,,,,,,,
2024-09-08 09:30:00,,,,,,,,,,,,,,,,,,,,93,,,,,,,0,,,,,,1630,,,,,,62397,,,,,,,,,,,,,,236,,
2024-09-08 09:35:00,,,,,,,,,,,,,,,,,,,,112,,,,,,,0,,,,,,1727,,,,,,63943,,,,,,,,,,,,,,729,,
2024-09-08 09:40:00,,,,,,,,,,,,,,,,,,,,84,,,,,,,0,,,,,,1831,,,,,,66271,,,,,,,,,,,,,,1089,,
2024-09-08 09:45:00,,,,,,,,,,,,,,,,,,,,122,,,,,,,0,,,,,,1930,,,,,,68845,,,,,,,,,,,,,,1358,,
2024-09-08 09:50:00,,,,,,,,,,,,,,,,,,,,124,,,,,,,0,,,,,,1874,,,,,,72085,,,,,,,,,,,,,,2132,,
2024-09-08 09:55:00,,,,,,,,,,,,,,,,,,,,114,,,,,,,0,,,,,,1844,,,,,,73779,,,,,,,,,,,,,,3549,,
2024-09-08 10:00:00,,,,,,,,,,,,,,,,,,,,105,,,,,,,0,,,,,,1867,,,,,,77384,,,,,,,,,,,,,,4294,,
2024-09-08 10:05:00,,,,,,,,,,,,,,,,,,,,92,,,,,,,0,,,,,,1976,,,,,,82067,,,,,,,,,,,,,,4384,,
2024-09-08 10:10:00,,,,,,,,,,,,,,,,,,,,119,,,,,,,0,,,,,,1834,,,,,,87096,,,,,,,,,,,,,,3817,,
2024-09-08 10:15:00,,,,,,,,,,,,,,,,,,,,109,,,,,,,0,,,,,,1781,,,,,,93120,,,,,,,,,,,,,,4208,,
2024-09-08 10:20:00,,,,,,,,,,,,,,,,,,,,131,,,,,,,0,,,,,,1745,,,,,,97233,,,,,,,,,,,,,,4590,,
2024-09-08 10:25:00,,,,,,,,,,,,,,,,,,,,108,,,,,,,0,,,,,,1796,,,,,,103825,,,,,,,,,,,,,,5015,,
2024-09-08 10:30:00,,,,,,,,,,,,,,,,,,,,107,,,,,,,0,,,,,,1825,,,,,,110279,,,,,,,,,,,,,,5102,,
2024-09-08 10:35:00,,,,,,,,,,,,,,,,,,,,124,,,,,,,0,,,,,,1861,,,,,,116318,,,,,,,,,,,,,,4892,,
2024-09-08 10:40:00,,,,,,,,,,,,,,,,,,,,100,,,,,,,0,,,,,,2074,,,,,,115476,,,,,,,,,,,,0,,5256,,
2024-09-08 10:45:00,,,,,,,,,,,,,,,,,,,,116,,,,,,,0,,,,,,2375,,,,,,124441,,,,,,,,,,,,136,,5887,,
2024-09-08 10:50:00,,,,,,,,,,,,,,,,,,,,,,,,,,,0,,,,,,1970,,,,,,128509,,,,302,,,,,,,,136,,,55,
2024-09-08 10:55:00,,,,,,,,,,,,,,,,,,,,,,,,,,,0,,,,,,2169,,,,,,131483,,,,544,,,,,,,,231,,,85,
2024-09-08 11:00:00,,,,,,,,,,,,,,,,,,,,,,,,,,,0,,,,,,2041,,,,,,137329,,,,1039,,,,,,,,271,,,113,
2024-09-08 11:05:00,,,,,,,,,,,,,,,,,,,,,,,,,,,0,,,,,,1977,,,,,,140229,,,,1275,,,,,,,,286,,,150,
2024-09-08 11:10:00,,,,,,,,,,,,,,,,,,,,,,,,,,,0,,,,,,1913,,,,,,143835,,,,1395,,,,,,,,301,,,613,
2024-09-08 11:15:00,,,,,,,,,,,,,,,,,,,,,,,,,,,0,,,,,,1872,,,,,,148117,,,,1440,,,,,,,,301,,,634,
2024-09-08 11:20:00,,,,,,,,,,,,,38,,,,,,,,,,,,,,0,,,,,,1792,,,,,,154758,,,,1387,,,,,,,,322,,,670,
2024-09-08 11:25:00,,,,,,,,,,,,,74,,,,,,,,,,,,,,0,,,,,,1907,,,,,,162981,,,,1387,,,,,,,,327,,6855,620,
2024-09-08 11:30:00,,,,,,,,,,,,,174,,,,,,,,,,,,,,0,,,,,,1814,,,,,,159464,,,,,,0,,,,,,336,,6982,649,
2024-09-08 11:35:00,,,,,,,,,,,,,223,,,,,,,,,,,,,,0,,,,,,1727,,,,,,166642,,,,,,44,,,,,,265,,7146,684,
2024-09-08 11:40:00,,,,,,,,,,,,,202,,,,,,,,,,,,,,0,,,,,,1678,,,,,,172148,,,,,,86,,,,,,275,,6891,669,
2024-09-08 11:45:00,,,,,,,,,,,,,262,,,,,,,,,,,,,,0,,,,,,1619,,,,,,175225,,,,,,143,,,,,,282,,6660,679,
2024-09-08 11:50:00,,,,,,,,,,,,,336,,,,,,,,,,,,,,0,,,,,,1811,,,,,,182142,,,,,,203,,,,,,292,,6311,667,
2024-09-08 11:55:00,,,,,,,,,,,,,358,,,,,,,,,,,,,,0,,,,,,1917,,,,,,175459,,,,,,233,,,,,,319,,6165,688,
2024-09-08 12:00:00,,,,,,,,,,,,,366,,,,,,,,,,,,,,0,,,,,,1957,,,,,,183671,,,,,,321,,,,,,327,,6066,716,
2024-09-08 12:05:00,,,,,,,,,,,,,372,,,,,,,,,,,,,,0,,,,,,1752,,,,,,190087,,,,,,351,,,,,,983,,5684,708,
2024-09-08 12:10:00,,,,,,,,,,,,,401,,,,,,,,,,,,,,0,,,,,,1548,,,,,,200524,,,,,,388,,,,,,726,,,756,
2024-09-08 12:15:00,,,,,,,,,,,,,377,,,,,,,,,,,,,,0,,,,,,1467,,,,,,210004,,,,,,309,,,,,,681,,,699,
2024-09-08 12:20:00,,,,,,,,,,,,,352,,,,,,,,,,,,,,0,,,,,,1422,,,,,,218656,,,,,,321,,,,,,694,,,650,
2024-09-08 12:25:00,,,,,,,,,,,,,359,,,,,,,,,,,,,,0,,,,,,1380,,,,,,222588,,,,,,372,,,,,,720,,,684,
2024-09-08 12:30:00,,,,,,,,,,,,,351,,,,,,,,,,,,,,0,,,,,,1319,,,,,,229714,,,,,,412,,,,,,705,,,660,
2024-09-08 12:35:00,,,,,,,,,,,,,382,,,,,,,,,,,,,,0,,,,,,1340,,,,,,231778,,,,,,501,,,,,,725,,,735,
2024-09-08 12:40:00,,,,,,,,,,,,,377,,,,,,,,,,,,,,0,,,,,,1303,,,,,,234219,,,,,,561,,,,,,785,,,679,
2024-09-08 12:45:00,,,,,,,,,,,,,363,,,,,,,,,,,,,,0,,,,,,1271,,,,,,239942,,,,,,564,,,,,,778,,,665,
2024-09-08 12:50:00,,,,,,,,,,,,,372,,,,,,,,,,,,,,0,,,,,,1260,,,,,,245434,,,,,,464,,,,,,721,,,692,
2024-09-08 12:55:00,,,,,,,,,,,,,380,,,,,,,,,,,,,,0,,,,,,1243,,,,,,244289,,,,,,484,,,,,,721,,,695,
2024-09-08 13:00:00,,,,,,,,,,,,,389,,,,,,,,,,,,,,0,,,,,,1222,,,,,,247848,,,,,,533,,,,,,761,,,717,
2024-09-08 13:05:00,,,,,,,,,,,,,407,,,,,,,,,,80,,,,0,,,,,,1208,,,,,,249230,,,,,,546,,,,,,755,,,667,
2024-09-08 13:10:00,,,,,,,,,,,,,420,,,,,,,,,,99,,,,0,,,,,,1241,,,,,,253379,,,,,,520,,,,,,685,,,697,
2024-09-08 13:15:00,,,,,,,,,,,,,465,,,,,,,,,,153,,,,0,,,,,,1257,,,,,,256463,,,,,,556,,,,,,239,,,681,
2024-09-08 13:20:00,,,,,,,,,,,,,465,,,,,,,,,,211,,,,0,,,,,,1241,,,,,,257089,,,,,,513,,,,,,243,,,674,
2024-09-08 13:25:00,,,,,,,,,,,,,479,,,,,,,,,,329,,,,0,,,,,,1255,,,,,,258306,,,,,,519,,,,,,248,,,710,
2024-09-08 13:30:00,,,,,,,,,,,,,530,,,,,,,,,,438,,,,0,,,,,,1227,,,,,,265371,,,,,,556,,,,,,265,,,715,
2024-09-08 13:35:00,,,,,,,,,,,,,539,,,,,,,,,,773,,,,0,,,,,,1247,,,,,,270144,,,,,,576,,,,,,251,,,662,
2024-09-08 13:40:00,,,,,,,,,,,,,529,,,,,,,,,,846,,,,0,,,,,,1295,,,,,,254580,,,,,,614,,,,,,266,,,722,
2024-09-08 13:45:00,,,,,,,,,,,,,518,,,,,,,,,,756,,,,0,,,,,,1334,,,,,,260129,,,,,,634,,,,,,278,,,683,
2024-09-08 13:50:00,,,,,,,,,,,,,530,,,,,,,,,,742,,,,0,,,,,,1317,,,,,,266091,,,,,,535,,,,,,274,,,697,
2024-09-08 13:55:00,,,,,,,,,,,,,549,,,,,,,,,,728,,,,0,,,,,,1236,,,,,,268540,,,,,,544,,,,,,268,,,717,
2024-09-08 14:00:00,,,,,,,,,,,,,523,,,,,,,,,,576,,,,0,,,,,,1201,,,,,,269518,,,,,,508,,,,,,264,,,761,
2024-09-08 14:05:00,,,,,,,,,,,,,547,,,,,,,,,,698,,,,0,,,,,,1175,,,,,,270238,,,,,,542,,,,,,252,,,689,
2024-09-08 14:10:00,,,,,,,,,,,,,541,,,,,,,,,,725,,,,0,,,,,,1163,,,,,,268948,,,,,,566,,,,,,226,,,754,
2024-09-08 14:15:00,,,,,,,,,,,,,547,,,,,,,,,,772,,,,0,,,,,,1149,,,,,,280018,,,,,,609,,,,,,214,,,743,
2024-09-08 14:20:00,,,,,,,,,,,,,537,,,,,,,,,,752,,,,0,,,,,,1168,,,,,,283179,,,,,,601,,,,,,218,,,760,
2024-09-08 14:25:00,,,,,,,,,,,,,525,,,,,,,,,,701,,,,0,,,,,,1152,,,,,,286324,,,,,,623,,,,,,222,,,818,
2024-09-08 14:30:00,,,,,,,,,,,,,539,,,,,,,,,,721,,,,0,,,,,,1089,,,,,,287413,,,,,,664,,,,,,217,,,694,
2024-09-08 14:35:00,,,,,,,,,,,,,574,,,,,,,,,,713,,,,0,,,,,,1101,,,,,,292349,,,,,,647,,,,,,217,,,719,
2024-09-08 14:40:00,,,,,,,,,,,,,549,,,,,,,,,,737,,,,0,,,,,,1085,,,,,,291559,,,,,,605,,,,,,204,,,662,
2024-09-08 14:45:00,,,,,,,,,,,,,541,,,,,,,,,,586,,,,0,,,,,,1104,,,,,,292738,,,,,,605,,,,,,196,,,690,
2024-09-08 14:50:00,,,,,,,,,,,,,541,,,,,,,,,,754,,,,0,,,,,,1104,,,,,,297840,,,,,,635,,,,,,201,,,701,
2024-09-08 14:55:00,,,,,,,,,,,,,559,,,,,,,,,,795,,,,0,,,,,,1081,,,,,,304437,,,,,,635,,,,,,194,,,686,
2024-09-08 15:00:00,,,,,,,,,,,,,565,,,,,,,,,,806,,,,0,,,,,,1117,,,,,,308527,,,,,,657,,,,,,201,,,706,
2024-09-08 15:05:00,,,,,,,,,,,,,521,,,,,,,,,,806,,,,0,,,,,,1103,,,,,,309880,,,,,,672,,,,,,197,,,746,
2024-09-08 15:10:00,,,,,,,,,,,,,535,,,,,,,,,,784,,,,0,,,,,,1118,,,,,,310722,,,,,,680,,,,,,,,,766,
2024-09-08 15:15:00,,,,,,,,,,,,,522,,,,,,,,,,628,,,,0,,,,,,1129,,,,,,313360,,,,,,693,,,,,,,,,721,
2024-09-08 15:20:00,,,,,,,,,,,,,554,,,,,,,,,,777,,,,0,,,,,,1106,,,,,,317604,,,,,,700,,,,,,,,,689,
2024-09-08 15:25:00,,,,,,,,,,,,,523,,,,,,,,,,701,,,,0,,,,,,1081,,,,,,320975,,,,,,674,,,,,,,,,725,
2024-09-08 15:30:00,,,,,,,,,,,,,508,,,,,,,,,,699,,,,0,,,,,,1069,,,,,,322651,,,,,,636,,,,,,,,,677,
2024-09-08 15:35:00,,,,,,,,,,,,,535,,,,,,,,,,730,,,,0,,,,,,1064,,,,,,327501,,,,,,620,,,,,,,,,720,
2024-09-08 15:40:00,,,,,,,,,,,,,524,,,,,,,,,,747,,,,0,,,,,,1053,,,,,,335213,,,,,,640,,,,,,,,,679,
2024-09-08 15:45:00,,,,,,,,,,,,,489,,,,,,,,,,758,,,,0,,,,,,1100,,,,,,319792,,,,,,684,,,,,,,,,670,
2024-09-08 15:50:00,,,,,,,,,,,,,498,,,,,,,,,,758,,,,0,,,,,,1080,,,,,,332569,,,,,,711,,,,,,,,,680,
2024-09-08 15:55:00,,,,,,,,,,,,,467,,,,,,,,,,736,,,,0,,,,,,1080,,,,,,328818,,,,,,740,,,,,,,,,669,
2024-09-08 16:00:00,,,,,,,,,,,,,467,,,,,,,,,,744,,,,0,,,,,,1149,,,,,,334665,,,,,,756,,,,,,,,,682,
2024-09-08 16:05:00,,,,,,,,,,,,,450,,,,,,,,,,799,,,,0,,,,,,1111,,,,,,359745,,,,,,729,,,,,,,,,757,
2024-09-08 16:10:00,,,,,,,,,,,,,446,,,,,,,,,234,729,,,,0,,,,,,1013,,,,,,366192,,,,,,711,,,,,,,,,681,
2024-09-08 16:15:00,,,,,,,,,,,,,410,,,,,,,,,258,553,,,,0,,,,,,1013,,,,,,366676,,,,,,693,,,,,,,,,666,
2024-09-08 16:20:00,,,,,,,,,,,,,417,,,,,,,,,189,695,,,,0,,,,,,1009,,,,,,372720,,,,,,706,,,,,,,,,651,
2024-09-08 16:25:00,,,,,,,,,,,,,417,,,,,,,,,235,698,,,,0,,,,,,1009,,,,,,374055,,,,,,706,,,,,,,,,669,
2024-09-08 16:30:00,,,,,,,,,,,,,,,,,,,,,,186,712,,,,0,,,,,,996,,,,,,379589,,,,,,728,,,,,,,,,644,
2024-09-08 16:35:00,,,,,,,,,,,,,,,,,,,,,,210,712,,,,0,,,,,,998,,,,,,384883,,,,,,691,,,,,,,,,711,
2024-09-08 16:40:00,221,,,,,,,,,,,,,,,,,,,,,226,735,,,,0,,,,,,1010,,,,,,387357,,,,,,672,,,,,,,,,625,
2024-09-08 16:45:00,231,,,,,,,,,,,,,,,,,,,,,186,604,,,,0,,,,,,1010,,,,,,389974,,,,,,696,,,,,,,,,614,
2024-09-08 16:50:00,266,,,,,,,,,,,,,,,,,,,,,213,738,,,,0,,,,,,999,,,,,,385347,,,,,,715,,,,,,,,,631,
2024-09-08 16:55:00,297,,,,,,,,,,,,,,,,,,,,,208,730,,,,0,,,,,,983,,,,,,387013,,,,,,690,,,,,,,,,608,
2024-09-08 17:00:00,277,,,,,,,,,,,,,,,,,,,,,196,746,,,,0,,,,,,967,,,,,,389353,,,,,,700,,,,,,,,,655,
2024-09-08 17:05:00,284,,,,,,,,,,,,,,,,,,,,,211,780,,,,0,,,,,,967,,,,,,392206,,,,,,747,,,,,,,,,615,
2024-09-08 17:10:00,318,,,,,,,,,,,,,,,,,,,,,202,662,,,,0,,,,,,966,,,,,,395128,,,,,,734,,,,,,,,,653,
2024-09-08 17:15:00,332,,,,,,,,,,,,,,,,,,,,,254,523,,,,0,,,,,,988,,,,,,395704,,,,,,752,,,,,,,,,615,
2024-09-08 17:20:00,349,,,,,,,,,,,,,,,,,,,,,213,698,,,,0,,,,,,978,,,,,,399754,,,,,,571,,,,,,,,,675,
2024-09-08 17:25:00,314,,,,,,,,,,,,,,,,,,,,,259,731,,,,0,,,,,,995,,,,,,412616,,,,,,739,,,,,,,,,640,
2024-09-08 17:30:00,357,,,,,,,,,,,,,,,,,,,,,213,740,,,,0,,,,,,998,,,,,,402337,,,,,,681,,,,,,,,,624,
2024-09-08 17:35:00,361,,,,,,,,,,,,,,,,,,,,,223,719,,,,0,,,,,,980,,,,,,409453,,,,,,668,,,,,,,,,614,
2024-09-08 17:40:00,306,,,,,,,,,,,,,,,,,,,,,178,737,,,,0,,,,,,968,,,,,,412208,,,,,,656,,,,,,,,,626,
2024-09-08 17:45:00,367,,,,,,,,,,,,,,,,,,,,,171,650,,,,0,,,,,,979,,,,,,423460,,,,,,664,,,,,,,,,600,
2024-09-08 17:50:00,343,,,,,,,,,,,,,,,,,,,,,201,775,,,,0,,,,,,964,,,,,,420803,,,,,,675,,,,,,,,,686,
2024-09-08 17:55:00,373,,,,,,,,,,,,,,,,,,,,,218,728,,,,0,,,,,,975,,,,,,422553,,,,,,598,,,,,,,,,609,
2024-09-08 18:00:00,358,,,,,,,,,,,,,,,,,,,,,203,655,,,,0,,,,,,954,,,,,,434644,,,,,,611,,,,,,,,,1453,
2024-09-08 18:05:00,371,,,,,,,,,,,,,,,,,,,,,181,674,,,,0,,,,,,942,,,,,,426696,,,,,,632,,,,,,,,,1443,
2024-09-08 18:10:00,390,,,,,,,,,,,,,,,,,,,,,,736,,,,0,,,,,,417,,,,,,427839,,,,,,651,,,,,,,,,1426,
2024-09-08 18:15:00,368,,,,,,,,,,,,,,,,,,,,,,678,,,,0,,,,,,313,,,,,,426460,,,,,,656,,,,,,,,,1397,
2024-09-08 18:20:00,408,,,,,,,,,,,,,,,,,,,,,,815,,,,0,,,,,,349,,,,,,430768,,,,,,612,,,,,,,,,1427,
2024-09-08 18:25:00,364,,,,,,,,,,,,,,,,,,,,,,793,,,,0,,,,,,386,,,,,,432739,,,,,,627,,,,,,,,,1394,
2024-09-08 18:30:00,355,,,,,,,,,,,,,,,,,,,,,0,856,,,,0,,,,,,416,,,,,,439552,,,,,,610,,,,,,,,,1421,
2024-09-08 18:35:00,,,,,,,,,,,,,,,,,,,,,,153,843,,,,0,,,,,,442,,,,,,434302,,,,,,624,,,,,,,,,1425,
2024-09-08 18:40:00,,,,,,,,,,,,,,,,,,,,,,142,858,,,,0,,,,,,477,,,,,,432965,,,,,,655,,,,,,,,,1468,
2024-09-08 18:45:00,,,,,,,,,,,,,,,,,,,,,,154,926,,,,0,,,,,,500,,,,,,433498,,,,,,647,,,,,,,,,1440,
2024-09-08 18:50:00,,,,,,,,,,,,,,,,,,,,,,139,834,,,,0,,,,,,511,,,,,,433591,,,,,,708,,,,,,,,,1433,
2024-09-08 18:55:00,,,,,,,,,,,,,,,,,,,,,,139,,,,,0,,,,,,530,,,,,,437463,,,,,,577,,,,,,,,,1451,
2024-09-08 19:00:00,,,,,,,,,,,,,,,,,,,,,,,,,,,0,,,,,,547,,,,,,444538,,,,,,585,,,,,,,,,1501,
2024-09-08 19:05:00,,,,,,,,,,,,,,,,,,,,,,,,,,,0,,,,,,658,,,,,,417237,,,,,,649,,,,,,,,,1605,
2024-09-08 19:10:00,,,,,,,,,,,,,,,,,,,,,,,0,,,,0,,,,,,682,,,,,,409084,,,,,,669,,,,,,,,,1630,
2024-09-08 19:15:00,,,,,,,,,,,,,,,,,,,,,,,84,,,,0,,,,,,682,,,,,,400863,,,,,,653,,,,,,,,,1617,
2024-09-08 19:20:00,,,,,,,,,,,,,,,,,,,,,,,151,,,,0,,,,,,694,,,,,,408062,,,,,,707,,,,,,,,,1594,
2024-09-08 19:25:00,,,,,,,,,,,,,,,,,,,,,,,151,,,,0,,,,,,684,,,,,,413568,,,,,,708,,,,,,,,,1637,
2024-09-08 19:30:00,,,,,,,,,,,,,,,,,,,,,,,696,,,,0,,,,,,708,,,,,,420912,,,,,,610,,,,,,,,,1470,
2024-09-08 19:35:00,,,,,,,,,,,,,,,,,,,,,,,801,,,,0,,,,,,744,,,,,,411970,,,,,,650,,,,,,,,,843,
2024-09-08 19:40:00,,,,,,,,,,,,,,,,,,,,,,,719,,,,0,,,,,,778,,,,,,381832,,,,,,696,,,,,,,,,1662,
2024-09-08 19:45:00,,,,,,,,,,,,,,,,,,,,,,,914,,,,0,,,,,,754,,,,,,395356,,,,,,696,,,,,,,,,1665,
2024-09-08 19:50:00,,,,,,,,,,,,,,,,,,,,,,,934,,,,0,,,,,,764,,,,,,393843,,,,,,728,,,,,,,,,1756,
2024-09-08 19:55:00,,,,,,,,,,,,,,,,,,,,,,,972,,,,0,,,,,,749,,,,,,396190,,,,,,741,,,,,,,,,1712,
2024-09-08 20:00:00,,,,,,,,,,,,,,,,,,,,,,,908,,,,0,,,,,,758,,,,,,404864,,,,,,799,,,,,,,,,1724,
2024-09-08 20:05:00,,,,,,,,,,,,,,,,,,,,,,,885,,,,0,,,,,,768,,,,,,407685,,,,,,761,,,,,,,,,1696,
2024-09-08 20:10:00,,,,,,,,,,,,,,,,,,,,,,,908,,,,0,,,,,,738,,,,,,414268,,,,,,641,,,,,,,,,1588,
2024-09-08 20:15:00,,,,,,,,,,,,,,,,,,,,,,,934,,,,0,,,,,,719,,,,,,427264,,,,,,694,,,,,,,,,1682,
2024-09-08 20:20:00,,,,,,,,,,,,,,,,,,,,,,,968,,,,0,,,,,,752,,,,,,424795,,,,,,676,,,,,,,,,1580,
2024-09-08 20:25:00,,,,,,,,,,,,,,,,,,,,,,,993,,,,0,,,,,,735,,,,,,428476,,,,,,673,,,,,,,,,1686,
2024-09-08 20:30:00,,,,,,,,,,,,,,,,,,,,,,,1007,,,,0,,,,,,724,,,,,,456502,,,,,,708,,,,,,,,,1638,
2024-09-08 20:35:00,,,,,,,,,,,,,,,,,,,,,,,1067,,,,0,,,,,,707,,,,,,458321,,,,,,678,,,,,,,,,1612,
2024-09-08 20:40:00,,,,,,,,,,,,,,,,,,,,,,,1000,,,,0,,,,,,727,,,,,,461727,,,,,,685,,,,,,,,,1724,
2024-09-08 20:45:00,,,,,,,,,,,,,,,,,,,,,,,757,,,,0,,,,,,763,,,,,,475845,,,,,,667,,,,,,,,,1617,
2024-09-08 20:50:00,,,,,,,,,,,,,,,,,,,,,,,729,,,,0,,,,,,736,,,,,,477778,,,,,,686,,,,,,,,,1591,
2024-09-08 20:55:00,,,,,,,,,,,,,,,,,,,,,,,809,,,,0,,,,,,736,,,,,,476839,,,,,,564,,,,,,,,,1697,
2024-09-08 21:00:00,,,,,,,,,,,,,,,,,,,,,,,672,,,,0,,,,,,755,,,,,,474390,,,,,,546,,,,,,,,,1619,
2024-09-08 21:05:00,,,,,,,,,,,,,,,,,,,,,,,896,,,,0,,,,,,739,,,,,,479070,,,,,,567,,,,,,,,,1687,
2024-09-08 21:10:00,,,,,,,,,,,,,,,,,,,,,,,932,,,,0,,,,,,753,,,,,,484793,,,,,,555,,,,,,,,,1624,
2024-09-08 21:15:00,,,,,,,,,,,,,,,,,,,,,,,850,,,,0,,,,,,740,,,,,,485240,,,,,,578,,,,,,,,,1614,
2024-09-08 21:20:00,,,,,,,,,,,,,,,,,,,,,,,693,,,,0,,,,,,766,,,,,,484520,,,,,,567,,,,,,,,,1585,
2024-09-08 21:25:00,,,,,,,,,,,,,,,,,,,,,,,713,,,,0,,,,,,774,,,,,,487076,,,,,,574,,,,,,,,,1526,
2024-09-08 21:30:00,,,,,,,,,,,,,,,,,,,,,,,705,,,,0,,,,,705,764,,,,,,495636,,,,,,500,,,,,,,,,1496,
2024-09-08 21:35:00,,,,,,,,,,,,,,,,,,,,,,53,,,,,0,,,,,642,729,,,,,,486848,,,,,,467,,,,,,,,,1611,
2024-09-08 21:40:00,,,,,,,,,,,,,,,,,,,,,,160,,,,,0,,,,,565,739,,,,,,496896,,,,,,448,,,,,,,,,1593,
2024-09-08 21:45:00,,,,,,,,,,,,,,,,,,,,,,260,,,,,0,,,,,544,741,,,,,,493004,,,,,,456,,,,,,,,,1610,
2024-09-08 21:50:00,,,,,,,,,,,,,,,,,,,,,,343,,,,,0,,,,,575,732,,,,,,497604,,,,,,475,,,,,,,,,1628,
2024-09-08 21:55:00,,,,,,,,,,,,,,,,,,,,,,465,,,,,0,,,,,569,727,,,,,,490158,,,,,,475,,,,,,,,,1682,
2024-09-08 22:00:00,,,,,,,,,,,,,,,,,,,,,,499,,,,,0,,,,,548,701,,,,,,498834,,,,,,465,,,,,,,,,1569,
2024-09-08 22:05:00,,,,,,,,,,,,,,,,,,,,,,516,,,,,0,,,,,390,722,,,,,,491579,,,,,,407,,,,,,,,,1501,
2024-09-08 22:10:00,,,,,,,,,,,,,,,,,,,,,,584,,,,,0,,,,,495,724,,,,,,497264,,,,,,401,,,,,,,,,646,
2024-09-08 22:15:00,,,,,,,,,,,,,,,,,,,,,,649,,,,,0,,,,,444,750,,,,,,491268,,,,,,413,,,,,,,,,624,
2024-09-08 22:20:00,,,,,,,,,,,,,,,,,,,,,,782,,,,,0,,,,,452,727,,,,,,486530,,,,,,456,,,,,,,,,653,
2024-09-08 22:25:00,,,,,,,,,,,,,,,,,,,,,,946,,,,,0,,,,,437,737,,,,,,491256,,,,,,436,,,,,,,,,673,
2024-09-08 22:30:00,,,,,,,,,,,,,,,,,,,,,,1017,,,,,0,,,,,379,709,,,,,,483930,,,,,,436,,,,,,,,,642,
2024-09-08 22:35:00,,,,,,,,,,,,,,,,,,,,,,1094,,,,,0,,,,,424,731,,,,,,484646,,,,,,442,,,,,,,,,622,
2024-09-08 22:40:00,,,,,,,,,,,,,,,,,,,,,,1054,,,,,0,,,,,402,713,,,,,,484886,,,,,,427,,,,,,,,,644,
2024-09-08 22:45:00,,,,,,,,,,,,,,,,,,,,,,938,,,,,0,,,,,396,701,,,,,,482255,,,,,,393,,,,,,,,,628,
2024-09-08 22:50:00,,,,,,,,,,,,,,,,,,,,,,1050,203,,,,0,,,,,371,709,,,,,,484040,,,,,,370,,,,,,,,,617,
2024-09-08 22:55:00,,,,,,,,,,,,,,,,,,,,,,998,66,,,,0,,,,,304,717,,,,,,490598,,,,,,379,,,,,,,,,661,
2024-09-08 23:00:00,,,,,,,,,,,,,,,,,,,,,,1009,115,,,,0,,,,,314,725,,,,,,505669,,,,,,421,,,,,,,,,686,
2024-09-08 23:05:00,,,,,,,,,,,,,,,,,,,,,,936,240,,,,0,,,,,300,712,,,,,,463740,,,,,,432,,,,,,,,,515,
2024-09-08 23:10:00,,,,,,,,,,,,,,,,,,,,,,842,269,,,,0,,,,,262,662,,,,,,473439,,,,,,442,,,,,,,,,634,
2024-09-08 23:15:00,,,,,,,,,,,,,,,,,,,,,,748,559,,,,0,,,,,249,719,,,,,,468596,,,,,,471,,,,,,,,,656,
2024-09-08 23:20:00,,,,,,,,,,,,,,,,,,,,,,695,597,,,,0,,,,,,658,,,,,,477275,,,,,,447,,,,,,,,,626,
2024-09-08 23:25:00,,,,,,,,,,,,,,,,,,,,,,749,634,,,,0,,,,,,695,,,,,,442994,,,,,,386,,,,,,,,,516,
2024-09-08 23:30:00,,,,,,,,,,,,,,,,,,,,,,724,619,,,,0,,,,,,745,,,,,,458094,,,,,,330,,,,,,,,,623,
2024-09-08 23:35:00,,,,,,,,,,,,,,,,,,,,,,701,603,,,,0,,,,,,697,,,,,,465284,,,,,,315,,,,,,,,,623,
2024-09-08 23:40:00,,,,,,,,,,,,,,,,,,,,,,742,701,,,,0,,,,,,672,,,,,,480350,,,,,,315,,,,,,,,,632,
2024-09-08 23:45:00,,,,,,,,,,,,,,,,,,,,,,694,917,,,,0,,,,,,699,,,,,,476457,,,,,,,,,,,,,,,664,
2024-09-08 23:50:00,,,,,,,,,,,,,,,,,,,,,,672,1474,,,,0,,,,,,649,,,,,,522957,,,,,,,,,,,,,,,615,
2024-09-08 23:55:00,,,,,,,,,,,,,,,,,,,,,,685,1281,,,,0,,,,,,722,,,,,,505075,,,,,,,,,,,,,,,658,
2024-09-09 00:00:00,,,,,,,,,,,,,,,,,,,,,,654,1149,,,,0,,,,,,746,,,,,,526359,,,,,,,,,,,,,,,638,
2024-09-09 00:05:00,,,,,,,,,,,,,,,,,,,,,,738,1177,,,,0,,,,,,751,,,,,,503665,,,,,,,,,,,,,,,532,
2024-09-09 00:10:00,,,,,,,,,,,,,,,,,,,,,,753,1219,,,,0,,,,,,673,,,,,,471604,,,,,,,,,,,,,,,687,
2024-09-09 00:15:00,,,,,,,,,,,,,,,,,,,,,,734,1124,,,,0,,,,,,657,,,,,,469570,,,,,,,,,,,,,,,643,
2024-09-09 00:20:00,,,,,,,,,,,,,,,,,,,,,,495,1080,,,,0,,,,,,670,,,,,,461716,,,,,,,,,,,,,,,668,
2024-09-09 00:25:00,,,,,,,,,,,,,,,,,,,,,,506,1053,,,,0,,,,,,687,,,,,,461435,,,,,,,,,,,,,,,,
2024-09-09 00:30:00,,,,,,,,,,,,,,,,,,,,,,516,1335,,,,0,,,,,,712,,,,,,444730,,,,,,,,,,,,,,,,
2024-09-09 00:35:00,,,,,,,,,,,,,,,,,,,,,,483,1414,,,,0,,,,,,689,,,,,,437096,,,,,,,,,,,,,,,,
2024-09-09 00:40:00,,,,,,,,,,,,,,,,,,,,,,503,1419,,,,0,,,,,,729,,,,,,436229,,,,,,,,,,,,,,,,
2024-09-09 00:45:00,,,,,,,,,,,,,,,,,,,,,,511,1230,,,,0,,,,,,651,,,,,,436677,,,,,,,,,,,,,,,,
2024-09-09 00:50:00,,,,,,,,,,,,,,,,,,,,,,531,588,,,,0,,,,,,626,,,,,,449422,,,,,,,,,,,,,,,,
2024-09-09 00:55:00,,,,,,,,,,,,,,,,,,,,,,506,582,,,,0,,,,,,593,,,,,,485550,,,,,,,,,,,,,,,,
2024-09-09 01:00:00,,,,,,,,,,,,,,,,,,,,,,495,548,,,,0,,,,,,549,,,,,,502141,,,,,,,,,,,,,,,,
2024-09-09 01:05:00,,,,,,,,,,,,,,,,,,,,,,543,563,,,,0,,,,,,594,,,,,,416526,,,,,,,,,,,,,,,,
2024-09-09 01:10:00,,,,,,,,,,,,,,,,,,,,,,513,621,,,,0,,,,,,692,,,,,,425295,,,,,,,,,,,,,,,,
2024-09-09 01:15:00,,,,,,,,,,,,,,,,,,,,,,502,531,,,,0,,,,,,739,,,,,,441043,,,,,,,,,,,,,,,,
2024-09-09 01:20:00,,,,,,,,,,,,,,,,,,,,,,1243,644,,,,0,,,,,,903,,,,,,475297,,,,,,,,,,,,,,,,
2024-09-09 01:25:00,,,,,,,,,,,,,,,,,,,,,,693,948,,,,0,,,,,,,,,,,,385484,,,,,,,,,,,,,,,,
2024-09-09 01:30:00,,,,,,,,,,,,,,,,,,,,,,4468,948,,94,,0,,,,,,,,,,,,43042,,,,,,,,,,,,,,,,
2024-09-09 01:35:00,,,,,,,,,,,,,,,,,,,,,,2296,,,,,0,,,,,,,,,,,,11106,,,,,7619,,,,,,,,,,,
2024-09-09 01:40:00,,,,,,,,,,,,,,,,,,,,,,1570,,,,,0,,,,,,,,,,,,793,,,,,4970,,,,,,,,,,,
2024-09-09 01:45:00,,,,,,,,,,,,,,,,,,,,,,1278,,,,,0,,,,,,,,,,,,779,,,,,4923,,,,,,,,,,,
2024-09-09 01:50:00,,,,,,,,,,,,,,,,,,,,,,1254,,,,,0,,,,,,,,,,,,591,,,,,3994,,,,,,,,,,,
2024-09-09 01:55:00,,,,,,,,,,,,,,,,,,,,,,1188,,,,,0,,,,,,,,,,,,,,,,,3889,,,,,,,,,,,
2024-09-09 02:00:00,,,,,,,,,,,,,,,,,,,,,,1169,,,,,0,,,,,,,,,,,,,,,,,3764,,,,,,,,,,,
2024-09-09 02:05:00,,,,,,,,,,,,,,,,,,,,,,1112,,,,,0,,,,,,,,,,,,,,,,,3652,,,,,,,,,,,
2024-09-09 02:10:00,,,,,,,,,,,,,,,,,,,,,,1099,,,,,0,,,,,,589,,,,,,,,,,,3544,,,,,,,,,,,
2024-09-09 02:15:00,,,,,,,,,,,,,,,,,,,,,,516,,,,,0,,,,,,577,,,,,,,,,,,3377,,,,,,,,,,,
2024-09-09 02:20:00,,,,,,,,,,,,,,,,,,,,,,477,,,,,0,,,,,,597,,,,,,,,,,,3185,,,,,,,,,,,
2024-09-09 02:25:00,,,,,,,,,,,,,,,,,,,,,,466,,,,,0,,,,,,559,,,,,,,,,,,3059,,,,,,,,,,,
2024-09-09 02:30:00,,,,,,,,,,,,,,,,,,,,,,472,,,,,0,,,,,,539,,,,,,,,,,,3360,,,,,,,,,,,
2024-09-09 02:35:00,,,,,,,,,,,,,,,,,,,,,,461,,,,,0,,,,,,561,,,,,,,,,,,2877,,,,,,,,,,,
2024-09-09 02:40:00,,,,,,,,,,,,,,,,,,,,,,460,,,,,0,,,,,,534,,,,,,,,,,,2792,,,,,,,,,,,
2024-09-09 02:45:00,,,,,,,,,,,,,,,,,,,,,,460,,,,,0,,,,,,510,,,,,,,,,,,2726,,,,,,,,,,,
2024-09-09 02:50:00,,,,,,,,,,,,,,,,,,,,,,459,,,,,0,,,,,,525,,,,,,,,,,,2687,,,,,,,,,,,
2024-09-09 02:55:00,,,,,,,,,,,,,,,,,,,,,,470,,,,,0,,,,,,532,,,,,,,,,,,2626,,,,,,,,,,,
2024-09-09 03:00:00,,,,,,,,,,,,,,,,,,,,,,455,,,,,0,,,,,,538,,,,,,,,,,,2591,,,,,,,,,,,
2024-09-09 03:05:00,,,,,,,,,,,,,,,,,,,,,,445,,,,,0,,,,,,522,,,,,,,,,,,2667,,,,,,,,,,,
2024-09-09 03:10:00,,,,,,,,,,,,,,,,,,,,,,438,,,,,0,,,,,,513,,,,,,,,,,,2587,,,,,,,,,,,
2024-09-09 03:15:00,,,,,,,,,,,,,,,,,,,,,,449,,,,,0,,,,,,524,,,,,,,,,,,2943,,,,,,,,,,,
2024-09-09 03:20:00,,,,,,,,,,,,,,,,,,,,,,462,,,,,0,,,,,,516,,,,,,,,,,,2481,,,,,,,,,,,
2024-09-09 03:25:00,,,,,,,,,,,,,,,,,,,,,,455,,,,,0,,,,,,534,,,,,,,,,,,2394,,,,,,,,,,,
2024-09-09 03:30:00,,,,,,,,,,,,,,,,,,,,,,473,,,,,0,,,,,,508,,,,,,,,,,,2519,,,,,,,,,,,
2024-09-09 03:35:00,,,,,,,,,,,,,,,,,,,,,,454,,,,,0,,,,,,489,,,,,,,,,,,2303,,,,,,,,,,,
2024-09-09 03:40:00,,,,,,,,,,,,,,,,,,,,,,472,,,,,0,,,,,,499,,,,,,,,,,,2418,,,,,,,,,,,
2024-09-09 03:45:00,,,,,,,,,,,,,,,,,,,,,,468,,,,,0,,,,,,472,,,,,,,,,,,2249,,,,,,,,,,,
2024-09-09 03:50:00,,,,,,,,,,,,,,,,,,,,,,446,,,,,0,,,,,,482,,,,,,,,,,,2196,,,,,,,,,,,
2024-09-09 03:55:00,,,,,,,,,,,,,,,,,,,,,,431,,,,,0,,,,,,467,,,,,,,,,,,2362,,,,,,,,,,,
2024-09-09 04:00:00,,,,,,,,,,,,,,,,,,,,,,424,,,,,0,,,,,,487,,,,,,,,,,,1993,,,,,,,,,,,
2024-09-09 04:05:00,,,,,,,,,,,,,,,,,,,,,,413,,,,,0,,,,,,467,,,,,,,,,,,1883,,,,,,,,,,,
2024-09-09 04:10:00,,,,,,,,,,,,,,,,,,,,,,441,,,,,0,,,,,,448,,,,,,,,,,,1826,,,,,,,,,,,
2024-09-09 04:15:00,,,,,,,,,,,,,,,,,,,,,,407,,,,,0,,,,,,438,,,,,,,,,,,1886,,,,,,,,,,,
2024-09-09 04:20:00,,,,,,,,,,,,,,,,,,,,,,436,,,,,0,,,,,,460,,,,,,,,,,,1784,,,,,,,,,,,
2024-09-09 04:25:00,,,,,,,,,,,,,,,,,,,,,,391,,,,,0,,,,,,443,,,,,,,,,,,1703,,,,,,,,,,,
2024-09-09 04:30:00,,,,,,,,,,,,,,,,,,,,,,371,,,,,0,,,,,,435,,,,,,,,,,,1682,,,,,,,,,,,
2024-09-09 04:35:00,,,,,,,,,,,,,,,,,,,,,,371,,,,,0,,,,,,424,,,,,,,,,,,1700,,,,,,,,,,,
2024-09-09 04:40:00,,,,,,,,,,,,,,,,,,,,,,,,,,,0,,,,,,419,,,,,,,,,,,1620,,,,,,,,,,,
2024-09-09 04:45:00,,,,,,,,,,,,,,,,,,,,,,,,,,,0,,,,,,412,,,,,,,,,,,1674,,,,,,,,,,,
2024-09-09 04:50:00,,,,,,,,,,,,,,,,,,,,,,,,,,,0,,,,,,419,,,,,,,,,,,1508,,,,,,,,,,,
2024-09-09 04:55:00,,,,,,,,,,,,,,,,,,,,,,,,,,,0,,,,,,402,,,,,,,,,,,1490,,,,,,,,,,,
2024-09-09 05:00:00,,,,,,,,,,,,,,,,,,,,,,,,,,,0,,,,,,391,,,,,,,,,,,1469,,,,,,,,,,,
2024-09-09 05:05:00,,,,,,,,,,,,,,,,,,,,,,,,,,,0,,,,,,401,,,,,,,,,,,1436,,,,,,,,,,,
2024-09-09 05:10:00,,,,,,,,,,,,,,,,,,,,,,,,,,,0,,,,,,395,,,,,,,,,,,1437,,,,,,,,,,,
2024-09-09 05:15:00,,,,,,,,,,,,,,,,,,,,,,,,,,,0,,,,,,,,,,,,,,,,,1437,,,,,,,,,,,
2024-09-09 05:20:00,,,,,,,,,,,,,,,,,,,,,,,,,,,0,,,,,,,,,,,,,,,,,1488,,,,,,,,,,,
2024-09-09 05:25:00,,,,,,,,,,,,,,,,,,,,,,,,,,,0,,,,,,,,,,,,,,,,,1456,,,,,,,,,,,
2024-09-09 05:30:00,,,,,,,,,,,,,,,,,,,,,,,,,,,0,,,,,,,,,,,,,,,,,1360,,,,,,,,,,,
2024-09-09 05:35:00,,,,,,,,,,,,,,,,,,,,,,,,,,,0,,,,,,,,,,,,,,,,,1377,,,,,,,,,,,
2024-09-09 05:40:00,,,,,,,,,,,,,,,,,,,,,,,,,,,0,,,,,,,,,,,,,,,,,1325,,,,,,,,,,,
2024-09-09 05:45:00,,,,,,,,,,,,,,,,,,,,,,,,,,,0,,,,,,,,,,,,,,,,,1374,,,,,,,,,,,
2024-09-09 05:50:00,,,,,,,,,,,,,,,,,,,,,,,,,,,0,,,,,,,,,,,,,,,,,1312,,,,,,,,,,,
2024-09-09 05:55:00,,,,,,,,,,,,,,,,,,,,,,,,,,,0,,,,,,,,,,,,,,,,,1374,,,,,,,,,,,
2024-09-09 06:00:00,,,,,,,,,,,,,,,,,,,,,,,,,,,0,,,,,,,,,,,,,,,,,1354,,,,,,,,,,,
2024-09-09 06:05:00,,,,,,,,,,,,,,,,,,,,,,,,,,,0,,,,,,,,,,,,,,,,,,,,,,,,,,,,
2024-09-09 06:10:00,,,,,,,,,,,,,,,,,,,,,,,,,,,0,,,,,,,,,,,,,,,,,,,,,,,,,,,,
2024-09-09 06:15:00,,,,,,,,,,,,,,,,,,,,,,,,,,,0,,,,,,,,,,,,,,,,,,,,,,,,,,,,
2024-09-09 06:20:00,,,,,,,,,,,,,,,,,,,,,,,,,,,0,,,,,,,,,,,,,,,,,,,,,,,,,,,,
2024-09-09 06:25:00,,,,,,,,,,,,,,,,,,,,,,,,,,,0,,,,,,,,,,,,,,,,,,,,,,,,,,,,
2024-09-09 06:30:00,,,,,,,,,,,,,,,,,,,,,,,,,,,0,,,,,,,,,,,,,,,,,,,,,,,,,,,,
2024-09-09 06:35:00,,,,,,,,,,,,,,,,,,,,,,,,,,,0,,,,,,,,,,,,,,,,,,,,,,,,,,,,
2024-09-09 06:40:00,,,,,,,,,,,,,,,,,,,,,,,,,,,0,,,,,,,,,,,,,,,,,,,,,,,,,,,,
2024-09-09 06:45:00,,,,,,,,,,,,,,,,,,,,,,,,,,,0,,,,,,,,,,,,,,,,,,,,,,,,,,,,
2024-09-09 06:50:00,,,,,,,,,,,,,,,,,,,,,,,,,,,0,,,,,,,,,,,,,,,,,,,,,,,,,,,,
2024-09-09 06:55:00,,,,,,,,,,,,,,,,,,,,,,,,,,,0,,,,,,,,,,,,,,,,,,,,,,,,,,,,
2024-09-09 07:00:00,,,,,,,,,,,,,,,,,,,,,,,,,,,0,,,,,,,,,,,,,,,,,,,,,,,,,,,,
2024-09-09 07:05:00,,,,,,,,,,,,,,,,,,,,,,,,,,,0,,,,,,,,,,,,,,,,,,,,,55,,,,,,,
2024-09-09 07:10:00,,,,,,,,,,,,,,,,,,,,,,,,,,,0,,,,,,,,,,,,,,,,,,,,,96,,,,,,,
2024-09-09 07:15:00,,,,,,,,,,,,,,,,,,,,,,,,,,,0,,,,,,,,,,,,,,,,,,,,,96,,,,,,,
2024-09-09 07:20:00,,,,,,,,,,,,,,,,,,,,,,,,,,,0,,,,,,,,,,,,,,,,,,,,,180,,,,,,,
2024-09-09 07:25:00,,,,,,,,,,,,,,,,,,,,,,,,,,,0,,,,,,,,,,,,,,,,,,,,,250,,,,,,,
2024-09-09 07:30:00,,,,,,,,,,,,,,,,,,,,,,,,,,,0,,,,,,,,,,,,,,,,,,,,,280,,,,,,,
2024-09-09 07:35:00,,,,,,,,,,,,,,,,,,,,,,,,,,,0,,,,,,,,,,,,,,,,,,,,,296,,,,,,,
2024-09-09 07:40:00,,,,,,,,,,,,,,,,,,,,,,,,,,,0,,,,,,,,,,,,,,,,,,,,,308,,,,,,,
2024-09-09 07:45:00,,,,,,,,,,,,,,,,,,,,,,,,,,,0,,,,,,,,,,,,,,,,,,,,,342,,,,,,,
2024-09-09 07:50:00,,,,,,,,,,,,,,,,,,,,,,,,,,,0,,,,,,,,,,,,,,,,,,,,,372,,,,,,,
2024-09-09 07:55:00,,,,,,,,,,,,,,,,,,,,,,,,,,,0,,,,,,,,,,,,,,,,,,,,,437,,,,,,,
2024-09-09 08:00:00,,,,,,,,,,,,,,,,,,,,,,,,,,,0,,,,,,,,,,,,,,,,,,,,,393,,,,,,,
2024-09-09 08:05:00,,,,,,,,,,,,,,,,,,,,,,,,,,,0,,,,,,,,,,,,,,,,,,,,,434,,,,,,,
2024-09-09 08:10:00,,,,,,,,,,,,,,,,,,,,,,,37,,,,0,,,,,,,,,,,,,,,,,,,,,436,,,,,,,
2024-09-09 08:15:00,,,,,,,,,,,,,,,,,,,,,,,73,,,,0,,,,,,,,,,,,,,,,,,,,,424,,,,,,,
2024-09-09 08:20:00,,,,,,,,,,,,,,,,,,,,,,,85,,,,0,,,,,,,,,,,,,,,,,,,,,451,,,,,,,
2024-09-09 08:25:00,,,,,,,,,,,,,,,,,,,,,,,107,,,,0,,,,,,,,,,,,,,,,,,,,,474,,,,,,,
2024-09-09 08:30:00,,,,,,,,,,,,,,,,,,,,,,,137,,,,0,,,,,,,,,,,,,,,,,,,,,483,,,,,,,
2024-09-09 08:35:00,,,,,,,,,,,,,,,,,,,,,,,149,,,,0,,,,,,,,,,,,,,,,,,,,,538,,,,,,,
2024-09-09 08:40:00,,,,,,,,44,,,,,,,,,,,,,,,177,,,,0,,,,,,,,,,,,,,,,,,,,,561,,,,,,,
2024-09-09 08:45:00,,,,,,,,143,,,,,,,,,,,,,,,190,,,,0,,,,,,,,,,,,,,,,,,,,,562,,,,,,,
2024-09-09 08:50:00,,,,,,,,147,,,,,,,,,,,,,,,201,,,,0,,,,,,,,,,,,,,,,,,,,,588,,,,,,,
2024-09-09 08:55:00,,,,,,,,174,,,,,,,,,,,,,,,211,,,,0,,,,,,,,,,,,,,,,,,,,,617,,,,,,,
2024-09-09 09:00:00,,,,,,,,266,,,,,,,,,,,,,,,243,,,,0,,,,,,,,,,,,,,,,,,,,,585,,,,,,,
2024-09-09 09:05:00,,,,,,,,272,23,,,,,,,,,,,,,,246,,,,0,,,,,,,,,,,,,,,,,,,,,667,,,,,,,
2024-09-09 09:10:00,,,,,,,,307,80,,,,,,,,,,,,,,239,,,,0,,,,,,,,,,,,,,,,,,,,,691,,,,,,,
2024-09-09 09:15:00,,,,,,,,301,169,,,,,,,,,,,,,,201,,,,0,,,,,,,,,,,,,,,,,,,,,628,,,,,,,
2024-09-09 09:20:00,,,,,,,,351,182,,,,,,,,,,,,,,209,,,,0,,,,,,,,,,,,,,,,,,,,,628,,,,,,,
2024-09-09 09:25:00,,,,,,,,343,230,,,,,,,,,,,,,,203,,,,0,,,,,,,,,,,,,,,,,,,,,646,,,,,,,
2024-09-09 09:30:00,,,,,,,,367,250,,,,,,,,,,,,,,206,,,,0,,,,,,,,,,,,,,,,,,,,,658,,,,,,,
2024-09-09 09:35:00,,,,,,,,410,258,,,,,,,,,,,,,,219,,,,0,,,,,,,,,,,,,,,,,,,,,647,,,,,,,
2024-09-09 09:40:00,,,,,,,,402,261,,,,,,,,,,,,74,,222,,,,0,,,,,,,,,,,,,,,,,,,,,787,,,,,,,
2024-09-09 09:45:00,,,,,,,,431,271,,,,,,,,,,,,195,,214,,,,0,,,,,,,,,,,,,,,,,,,,,686,,,,,,,
2024-09-09 09:50:00,,,,,,,,425,268,,,,,,,,,,,,292,,193,,,,0,,,,,,,,,,,,,,,,,,,,,699,,,,,,,
2024-09-09 09:55:00,,,,,,,,417,268,,,,,,,,,,,,302,,218,,,,0,,,,,,,,,,,,,,,,,,,,,712,,,,,,,
2024-09-09 10:00:00,,,,,,,,474,327,,,,,,,,,,,,428,,229,,,,0,,,,,,,,,,,,,,,,,,,,,735,,,,,,,
2024-09-09 10:05:00,,,,,,,,446,279,,,,,,,,,,,,469,,239,,,,0,,,,,,,,,,,,,,,,,,,,,746,,,,,,,
2024-09-09 10:10:00,,,,,,,,428,302,,,,,,,,,,,,488,,212,,,,0,,,,,,,,,,,,,,,,,,,,,745,,,,,,,
2024-09-09 10:15:00,,,,,,,,453,306,,,,,,,,,,,,472,,218,,,,0,,,,,,,,,,,,,,,,,,,,,681,,,,,,,
2024-09-09 10:20:00,,,,,,,,445,297,,,,,,,,,,,,480,,208,,,,0,,,,,,,,,,,,,,,,,,,,,718,,,,,,,
2024-09-09 10:25:00,,,,,,,,458,306,,,,,,,,,,,,499,,229,,,,0,,,,,,,,,,,,,,,,,,,,,746,,,,,,,
2024-09-09 10:30:00,,,,,,,,468,310,,,,,,,,,,,,513,,259,,,,0,,,,,,,,,,,,,,,,,,,,,767,,,,,,,
2024-09-09 10:35:00,,,,,,,,500,325,,,,,,,,,789,,,523,,211,,,,0,,,,,,,,,,,,,,,,,,,,,767,,,,,,,
2024-09-09 10:40:00,,,,,,,,494,340,,,,,,,,,890,,,542,634,204,,,,0,,,,,,,,,,,,,,,,,,,,,,,,,,,,
2024-09-09 10:45:00,,,,,,,,501,330,,,,,,,,,877,,,569,4459,198,,,,0,,,,,,,,,,,,,,,,,,,,,,,,,,,,
2024-09-09 10:50:00,,,,,,,,469,343,,,,,,,,,911,,,535,6756,201,,,,0,,,,,,,,,,,,,,,,,,,,,,,,,,,,
2024-09-09 10:55:00,,,,,,,,480,320,,,,,,,,,911,,,515,8757,225,,,,0,,,,,,,,,,,,,,,,,,,,,,,,,,,,
2024-09-09 11:00:00,,,,,,,,448,332,,,,,,,,,892,,,535,10032,192,,,,0,,,,,,,,,,,,,,,,,,,,,,,,,,,,
2024-09-09 11:05:00,,,,,,,,448,327,,,,,,,,,909,,,421,10480,196,,,,0,,,,,,,,,,,,,,,,,,,,,,,,,,,,
2024-09-09 11:10:00,,,,,,,,438,408,,,,,,,,,956,,,488,11647,191,,,,0,,,,,,,,,,,,,,,,,,,,,,,,,,,,
2024-09-09 11:15:00,,,,,,,,445,392,,,,,,,,,1019,,,441,12902,210,,,,0,,,,,,,,,,,,,,,,,,,,,,,,,,,,
2024-09-09 11:20:00,,,,,,,,385,398,,,,,,,,,1040,,,624,10062,198,,,,0,,,,,,,,,,,,,,,,,,,,,,,,,,,24,
2024-09-09 11:25:00,,,,,,,,434,409,,,,,,,,,965,,,526,7204,214,,,,0,,,,,,,,,,,,,,,,,,,,,,,,,,,76,
2024-09-09 11:30:00,,,,,,,,458,392,,,,,,,,,1009,,,507,7030,208,,,,0,,,,,,,,,,,,,,,,,,,,,,,,,,,90,
2024-09-09 11:35:00,,,,,,,,447,397,,,,,,,,,1058,,,547,6838,198,,,,0,,,,,,,,,,,,,,,,,,,,,,,,,,,157,
2024-09-09 11:40:00,,,,,,,,481,389,,,,,,,,,1122,,,494,6657,214,,,,0,,,,,,,,,,,,,,,,,,,,,,,,,,,535,
2024-09-09 11:45:00,,,,,,,,467,396,,,,,,,,,1135,,,390,7080,205,,,,0,,,,,,,,,,,,,,,,,,,,,,,,,,,632,
2024-09-09 11:50:00,,,,,,,,451,376,,,,,,,,,1299,,,483,6878,213,,,,0,,,,,,,,,,,,,,,,,,,,,,,,,,,664,
2024-09-09 11:55:00,,,,,,,,444,435,,,,,,,,,1055,,,488,6890,224,,,,0,,,,,,,,,,,,,,,,,,,,,,,,,,,678,
2024-09-09 12:00:00,,,,,,,,425,372,,,,,,,,,1079,,,499,6806,242,,,,0,,,,,,,,,,,,,,,,,,,,,,,,,,,720,
2024-09-09 12:05:00,,,,,,,,432,392,,,,,,,,,1157,,,543,7015,196,,,,0,,,,,,,,,,,,,,,,,,,,,,,,,,,793,
2024-09-09 12:10:00,,,,,,,,424,397,,,,,,,,,1215,,,563,1656,219,,,,0,,,,,,,,,,,,,,,,,,,,,,,,,,,847,
2024-09-09 12:15:00,,,,,,,,439,354,,,,,,,,,1233,,,572,1891,222,,,,0,,,,,,,,,,,,,,,,,,,,,,,,,,,865,
2024-09-09 12:20:00,,,,,,,,435,387,,,,,,,,,1272,,,604,2140,236,,,,0,,,,,,,,,,,,,,,,,,,,,,,,,,,855,
2024-09-09 12:25:00,,,,,,,,441,394,,,,,,,,,1223,,,554,2200,232,,,,0,,,,,,,,,,,,,,,,,,,,,,,,,,,827,
2024-09-09 12:30:00,,,,,,,,424,400,,,,,,,,,1294,,,599,2276,246,,,,0,,,,,,,,,,,,,,,,,,,,,,,,,,,809,
2024-09-09 12:35:00,,,,,,,,443,394,,,,,,,,,1312,,,585,2316,225,,35,,0,,,,,,,,,,,,,,,,,,,,,,,,,,,978,
2024-09-09 12:40:00,,,,,,,,349,404,,,,,,,,,1376,,,525,2346,230,,52,,0,,,,,,,,,,,,,,,,,,,,,,,,,,,869,
2024-09-09 12:45:00,,,,,,,,,394,,,,,,,,,1412,,,525,2517,216,,75,,0,,,,,,,,,,,,,,,,,,,,,,,,,,,898,
2024-09-09 12:50:00,,,,,,,,,390,,,,,,,,,1412,,,,2468,326,,85,,0,,,,,,,,,,,,,,,,,,,,,,,,,,,944,
2024-09-09 12:55:00,,,,,,,,,403,,,,,,,,,1293,,,,2437,337,,104,,0,,,,,,,,,,,,,,,,,,,,,,,,,,,944,
2024-09-09 13:00:00,,,,,,,,,449,,,,,,,,,1309,,,,2473,403,,108,,0,,,,,,,,,,,,,,,,,,,,,,,,,,,943,
2024-09-09 13:05:00,,,,,,,,,384,,,,,,,,,1334,,,,2494,498,,105,,0,,,,,,,,,,,,,,,,,,,,,,,,,,,997,
2024-09-09 13:10:00,,,,,,,,,390,,,,,,,,,1272,,,,1927,620,,115,,0,,,,,,,,,,,,,,,,,,,,,,,,,,,894,
2024-09-09 13:15:00,,,,,,,,,401,,,,,,,,,1342,,,,1985,702,,132,20,0,,,,,,,,,,,,,,,,,,,,,,,,,,,995,
2024-09-09 13:20:00,,,,,,,,,409,,,,,,,,,1365,,,,2075,886,,126,50,0,,,,,,,,,,,,,,,,,,,,,,,,,,,964,
2024-09-09 13:25:00,,,,,,,,,400,,,,,,,,,1398,,,,2046,958,,119,83,0,,,,,,,,,,,,,,,,,,,,,,,,,,,872,
2024-09-09 13:30:00,,,,,,,,,393,,,,,,,,,1152,,,,2080,866,,121,125,0,,,,,,,,,,,,,,,,,,,,,,,,,,,920,
2024-09-09 13:35:00,,,,,,,,,399,,,,,,,,,948,,,,2031,1027,,147,129,0,,,,,,,,,,,,,,,,,,,,,,,,,,,866,
2024-09-09 13:40:00,,,,,,,,,409,,,,,,,,,937,,,,1911,1080,,133,144,0,,,,,,,,,,,,,,,,,,,,,,,,,,,903,
2024-09-09 13:45:00,,,,,,,,,398,,,,,,,,,937,,,,2198,1065,,134,157,0,,,,,,,,,,,,,,,,,,,,,,,,,,,888,
2024-09-09 13:50:00,,,,,,,,,397,,,,,,,,,922,,,,1939,1081,,138,164,0,,,,,,,,,,,,,,,,,,,,,,,,,,,872,
2024-09-09 13:55:00,,,,,,,,,397,,,,,,,,,897,,,,2020,1042,,134,185,0,,,,,,,,,,,,,,,,,,,,,,,,,,,895,
2024-09-09 14:00:00,,,,,,,,,391,,,,,,,,,880,,,,1984,1183,,129,191,0,,,,,,,,,,,,,,,,,,,,,,,,,,,905,
2024-09-09 14:05:00,,,,,,,,,388,,,,,,,,,956,,,,1923,1203,,140,220,0,,,,,,,,,,,,,,,,,,,,,,,,,,,854,
2024-09-09 14:10:00,,,,,,,,,392,,,,,,,,,860,,,,2033,1230,,143,212,0,,,,,,,,,,,,,,,,,,,,,,,,,,,908,
2024-09-09 14:15:00,,,,,,,,,383,,,,,,,,,885,,,,2097,1144,,143,198,0,,,,,,,,,,,,,,,,,,,,,,,,,,,1020,
2024-09-09 14:20:00,,,,,,,,,388,,,,,,,,,853,,,,2103,1334,,137,194,0,,,,,,,,,,,,,,,,,,,,,,,,,,,1092,
2024-09-09 14:25:00,,,,,,,,,407,,,,,,,,,835,,,,2200,1311,,126,192,0,,,,,,,,,,,,,,,,,,,,,,,,,,,1102,
2024-09-09 14:30:00,,,,,,,,,414,,,,,,,,,850,,,,2507,1092,,144,194,0,,,,,,,,,,,,,,,,,,,,,,,,,,,1113,
2024-09-09 14:35:00,,,,,,,,,404,,,,,,,,,859,,,,2274,1216,,125,212,0,,,,,,,,,,,,,,,,,,,,,,,,,,,1159,
2024-09-09 14:40:00,,,,,,,,,416,,,,,,,,,829,,,,2112,1242,,128,207,0,,,,,,,,,,,,,,,,,,,,,,,,,,,1169,
2024-09-09 14:45:00,,,,,,,,,416,,,,,,,,,839,,,,2172,1269,,128,243,0,,,,,,,,,,,,,,,,,,,,,,,,,,,1227,
2024-09-09 14:50:00,,,,,,,,,421,,,,,,,,,819,,,,2133,1358,,126,211,0,,,,,,,,,,,,,,,,,,,,,,,,,,,1114,
2024-09-09 14:55:00,,,,,,,,,421,,,,,,,,,819,,,,2065,1351,,134,225,0,,,,,,,,,,,,,,,,,,,,,,,,,,,1140,
2024-09-09 15:00:00,,,,,,,,,434,,,,,,,,,832,,,,2091,1378,,129,221,0,,,,,,,,,,,,,,,,,,,,,,,,,,,1180,
2024-09-09 15:05:00,,,,,,,,,425,,,,,,,,,800,,,,2130,1316,,133,227,0,,,,,,,,,,,,,,,,,,,,,,,,,,,1187,
2024-09-09 15:10:00,,,,,,,,,430,,,,,,,,,809,,,,2089,1405,,131,232,0,,,,,,,,,,,,,,,,,,,,,,,,,,,1250,
2024-09-09 15:15:00,,,,,,,,,475,,,,,,,,,761,,,,1779,1531,,125,228,0,,,,,,,,,,,,,,,,,,,,,,,,,,,1207,
2024-09-09 15:20:00,,,,,,,,,433,,,,,,,,,829,,,,1963,1573,,131,199,0,,,,,,,,,,,,,,,,,,,,,,,,,,,1168,
2024-09-09 15:25:00,,178,,,,,,,442,,,,,,,,,845,,,,1989,1510,,134,194,0,,,,,,,,,,,,,,,,,,,,,,,,,,,1217,
2024-09-09 15:30:00,,182,,,,,,,442,,,,,,,,,822,,,,1856,1750,,137,205,0,,,,,,,,,,,,,,,,,,,,,,,,,,,1239,
2024-09-09 15:35:00,,210,,,,,,,445,,,,,,,,,832,,,,1709,1680,,134,205,0,,,,,,,,,,,,,,,,,,,,,,,,,,193,1290,
2024-09-09 15:40:00,,181,,,,,,,464,,,,,,,,,871,,,,1753,1618,,134,,0,,,,,,,,,,,,,,,,,,,,,,,,,,180,1263,
2024-09-09 15:45:00,,184,,,,,,,433,,,,,,,,,859,,,,1727,1679,,136,,0,,,,,,,,,,,,,,,,,,,,,,,,,,182,1236,
2024-09-09 15:50:00,,179,,,,,,,448,,,,,,,,,814,,,,1745,1637,,136,,0,,,,,,,,,,,,,,,,,,,,,,,,,,179,1251,
2024-09-09 15:55:00,,177,,,,,,,454,,,,,,,,,828,,,,1742,1824,,138,,0,,,,,,,,,,,,,,,,,,,,,,,,,,179,1279,
2024-09-09 16:00:00,,185,,,,,,,489,,,,,,,,,793,0,,,1563,1838,,144,,0,,,,,,,,,,,,,,,,,,,,,,,,,,185,1329,
2024-09-09 16:05:00,,194,,,,,,,433,,,,,,,,,747,165,,,1633,1937,,143,,0,,,,,,,,,,,,,,,,,,,,,,,,,,179,1299,
2024-09-09 16:10:00,,189,,,,,,,424,,,,,,,,,687,251,,,1543,1784,,133,,0,,,,,,,,,,,,,,,,,,,,,,,,,,176,1344,
2024-09-09 16:15:00,,193,,,,,,,424,,,,,,,,,705,276,,,1509,1719,,131,,0,,,,,,,,,,,,,,,,,,,,,,,,,,180,1262,
2024-09-09 16:20:00,,186,,,,,,,,,,,,,,,,756,315,,,1459,1780,,160,,0,,,,,,,,,,,,,,,,,,,,,,,,,,182,1341,
2024-09-09 16:25:00,,191,,,,,,,,,,,,,,,,778,311,,,1420,1881,,136,,0,,,,,,,,,,,,,,,,,,,,,,,,,,185,1305,
2024-09-09 16:30:00,,189,,,,,,,,,,,,,,,,820,338,,,1376,1720,,143,,0,,,,,,,,,,,,,,,,,,,,,,,,,,185,1311,
2024-09-09 16:35:00,,189,,,,,,,,,,,,,,,,864,373,,,1330,1680,,153,,0,,,,,,,,,,,,,,,,,,,,,,,,,,187,1355,
2024-09-09 16:40:00,,196,,,,,,,,,,,,,,,,882,361,,,,1569,,135,,0,,,,,,,,,,,,,,,,,,,,,,,,,,190,1303,
2024-09-09 16:45:00,,206,,,,,,,,,,,,,,,,903,375,,,,1624,,131,,0,,,,,,,,,,,,,,,,,,,,,,,,,,197,1318,
2024-09-09 16:50:00,,197,,,,,,,,,,,,,,,,942,391,,,,2600,,139,,0,,,,,,,,,,,,,,,,,,,,,,,,,,197,1361,
2024-09-09 16:55:00,,165,,,,,,,,,,,,,,,,978,451,,,,2463,,126,,0,,,,,,,,,,,,,,,,,,,,,,,,,,209,1294,
2024-09-09 17:00:00,,,,,,,,,,,,,,,,,,1000,413,,,,2631,,143,,0,,,,,,,,,,,,,,,,,,,,,,,,,,209,1339,
2024-09-09 17:05:00,,,,,,,,,,,,,,,,,,948,450,,,35,2555,,140,,0,,,,,,,,,,,,,,,,,,,,,,,,,,208,1343,
2024-09-09 17:10:00,,,,,,,,,,,,,,,,,,984,441,,,36,2511,,134,,0,,,,,,,,,,,,,,,,,,,,,,,,,,211,1343,
2024-09-09 17:15:00,,,,,,,,,,,,,,,,,,1015,465,,,62,2246,,141,,0,,,,,,,,,,,,29,,,,,,,,,,,,,,215,1332,
2024-09-09 17:20:00,,,,,,,50,,,,,,,,,,,1195,460,,,79,2300,,151,,0,,,,,,,,,,,,50,,,,,,,,,,,,,,207,1334,
2024-09-09 17:25:00,,,,,,,79,,,,,,,,,,,1032,468,,,90,2126,,148,,0,,,,,,,,,,,,,,,,,,,,,,,,,,213,1206,
2024-09-09 17:30:00,,,,,,,84,,,,,,,,,,,1046,466,,,95,2342,,154,,0,,,,,,,,,,,,,,,,,,,,,,,,,,212,668,
2024-09-09 17:35:00,,,,,,,98,,,,,,,,,,,1125,477,,,110,2321,,141,,0,,,,,,,,,,,,,,,,,,,,,,,,,,220,644,
2024-09-09 17:40:00,,,,,,,118,,,,,245,,,,,,1167,483,,,112,2380,,142,,0,,,,,,,,,,,,,,,,,,,,,,,,,,215,684,
2024-09-09 17:45:00,,,,,,,123,,,,,494,,,,,,1189,496,,,118,2305,,145,,0,,,,,,,,,,,,,,,,,,,,,,,,,,208,660,
2024-09-09 17:50:00,,,,,,,125,,,,,760,,,,,,1217,524,,,123,2334,,161,,0,,,,,,,,,,,,,,,,,,,,,,,,,,218,681,
2024-09-09 17:55:00,,,,,,,147,,,,,875,,,,,,1143,500,,,130,2278,,156,,0,,,,,,,,,,,,,,,,,,,,,,,,,,218,665,
2024-09-09 18:00:00,,,,,,,154,,,,,1017,,,,,,1157,508,,,134,2239,,154,,0,,,,,,,,,,,,,,,,,,,,,,,,,,215,679,
2024-09-09 18:05:00,,,,,,,169,,,,,1184,,,,,,1190,532,,,156,2248,,146,,0,,,,,,,,,,,,,,,,,,,,,,,,,,232,670,
2024-09-09 18:10:00,,,,,,,166,,,,,977,,,,,,1271,513,,,182,2312,,149,,0,,,,,,,,,,,,,,,,,,,,,,,,,,238,700,
2024-09-09 18:15:00,,,,,,,174,,,,,1196,,,,,,1311,523,,51,195,2452,,160,,0,,,,,,,,,,,,,,,,,,,,,,,,,,231,692,
2024-09-09 18:20:00,,,,,,,170,,,,,1243,,,,,,1459,551,,182,199,2352,,160,,0,,,,,,,,,,,,,,,,,,,,,,,,,,237,700,
2024-09-09 18:25:00,,,,,,,183,,,,,1203,,,,,,1356,592,,182,211,2364,,,,0,,,,,,,,,,,,,,,,,,,,,,,,,,235,750,
2024-09-09 18:30:00,,,,,,,189,,,,,1312,,,,,,1377,549,,474,208,2221,,,,0,,,,,,,,,,,,,,,,,,,,,,,,,,245,715,
2024-09-09 18:35:00,,,,,,,204,,,,,1566,,,,,,1415,566,,632,223,2088,,,,0,,,,,,,,,,,,,,,,,,,,,,,,,,241,754,
2024-09-09 18:40:00,,,,,,,209,,,,,1605,,,,,,1441,572,,832,226,2217,,,,0,,,,,,,,,,,,,,,,,,,,,,,,,,238,743,
2024-09-09 18:45:00,,,,,,,217,90,,,,1442,,,,,,1441,590,,943,217,2157,,,,0,,,,,,,,,,,,,,,,,,,,,,,,,,243,804,
2024-09-09 18:50:00,,,,,,,208,125,,,,1499,,,,,,1427,609,,1003,224,2184,,,,0,,,,,,,,,,,,,,,,,,,,,,,,,,257,764,
2024-09-09 18:55:00,,,,,,,214,147,,,,1624,,,,,,1515,587,,1059,267,2278,,,,0,,,,,,,,,,,,,,,,,,,,,,,,,,,876,
2024-09-09 19:00:00,,,,,,,207,158,,,,1408,,,,,,1515,593,,1095,416,2178,,,,0,,,,,,,,,,,,,,,,,,,,,,,,,,,751,
2024-09-09 19:05:00,,,,,,,207,,,,,1560,,,,,,1556,609,,1126,582,2161,,,,0,,,,,,,,,,,,,,,,,,,,,,,,,,,741,
2024-09-09 19:10:00,,,,,,,202,,,,,1670,,,,,,1357,587,,1251,772,2134,,,,0,,,,,,,,,,,,,,,,,,,,,,,,,,,689,
2024-09-09 19:15:00,,,,,,,212,,,,,1706,,,,,,1248,595,,1238,902,2185,,,,0,,,,,,,,,,,,,,,,,,,,,,,,,,,818,
2024-09-09 19:20:00,,,,,,,231,,,,,1623,,,,,,1221,659,,1195,951,2243,,,,0,,,,,,,,,,,,16,,,,,,,,,,,,,,,774,
2024-09-09 19:25:00,,,,,,,226,,,,,1791,,,,,,1206,598,,1164,1120,2048,,,,0,,,,,,,,,,,,,,,,,,,,,,,,,,,794,
2024-09-09 19:30:00,,,,,,,212,,,,,1548,,,,,,1225,590,,1174,1110,2260,,,,0,,,,,,,,,,,,,,,,,,,,,,,,,,444,689,
2024-09-09 19:35:00,,,,,,,206,,,,,1589,,,,,,1244,569,,1151,1251,2263,,,,0,,,,,,,,,,,,,,,,,,,,,,,,,,1195,,
2024-09-09 19:40:00,,,,,,,212,,,,,1598,,,,,,1267,599,,1248,1462,2217,,,,0,,,,,,,,,,,,,,,,,,,,,,,,,,2144,268,
2024-09-09 19:45:00,,,,,,,217,,,,,1716,,,,,,1282,606,,1272,1227,2250,,,,0,,,,,,,,,,,,,,,,,,,,,,,,,,3762,284,
2024-09-09 19:50:00,,,,,,,211,,,,,1736,,,,,,1312,575,,1278,1303,2263,,,,0,,,,,,,,,,,,,,,,,,,,,,,,,,5633,348,
2024-09-09 19:55:00,,,,,,,261,,,,,1833,,,,,,1331,587,,1334,1377,2139,,,,0,,,,,,,,,,,,,,,,,,,,,,,,,,6741,404,
2024-09-09 20:00:00,,,,,,,254,,,,,1798,,,,,,1333,587,,1365,1533,2196,,,,0,,,,,,,,,,,,,260,,,,,,,,,,,,,7193,417,
2024-09-09 20:05:00,,,,,,,262,,,,,1833,,,,,,1356,621,,1423,1735,1098,,,,0,,,,,,,,,,,,,267,,,,,,,,,,,,,8355,424,
2024-09-09 20:10:00,,,,,,,251,,,,,1872,,,,,,1225,558,,1387,2220,1036,,,,0,,,,,,,,,,,,,271,,,,,,,,,,,,,9805,430,
2024-09-09 20:15:00,,,,,,,262,,,,,1162,,,,,,1352,566,,1373,2606,1132,,,,0,,,,,,,,,,,,,287,,,,,,,,,,,,,9598,379,
2024-09-09 20:20:00,,,,,,,253,,,,,1162,,,,,,1405,566,,1428,3783,1132,,,,0,,,,,,,,,,,,,287,,,,,,,,,,,,,9164,445,
2024-09-09 20:25:00,,,,,,,248,,,,,1328,,,8,,,1712,545,,,6843,,,,,0,,,,,,,,,,,,,283,,,,,,,,,,,,,9014,435,
2024-09-09 20:30:00,,,,,,,243,,,,,1736,,,133,,,1574,529,,1258,12798,,,,,0,,,,,,,,,,,,,289,,,,,,,,,,,,,8908,488,
2024-09-09 20:35:00,,,,,,,246,,1,,,1699,,,176,,,1669,537,,1221,19552,,,,,0,,,,,,,,,,,,,284,,,,,,,,,,,,,8921,497,
2024-09-09 20:40:00,,,,,,,242,,159,,,1476,,,267,,,1759,533,,1373,22744,18,,,,0,,,,,,,,,,,,,281,,,,,,,,,,,,,9268,541,
2024-09-09 20:45:00,,,,,,,237,,303,,,1476,,,304,,,1668,542,,1304,25849,54,,,,0,,,,,,,,,,,,,286,,,,,,,,,,,,,9078,520,
2024-09-09 20:50:00,,,,,,,223,,357,,,1500,,,326,,,1629,555,,1252,27948,41,,17,,0,,,,,,,,,,,,,290,,,,,,,,,,,,,9243,598,
2024-09-09 20:55:00,,,,,,,213,,381,,,1430,,,330,,,1898,539,,1290,29576,36,,43,,0,,,,,,,,,,,,,285,,,,,,,,,,,,,8928,543,
2024-09-09 21:00:00,,,,,,,228,,427,,,1526,,,334,,,1786,531,,1221,29845,42,,82,,0,,,,,,,34,,,,,,288,,,,,,,,,,,,,9247,571,
2024-09-09 21:05:00,,,,,,,205,,521,,,1320,,,340,,,1872,504,,1260,32355,50,,108,,0,,,,,,,178,,,,,,300,,,,,,,,,,,,,9019,580,
2024-09-09 21:10:00,,,,,,,217,,561,,,1675,,,350,,,1913,534,,1203,33778,60,,148,,0,,,,,,,268,,,,,,284,,,,,,,,,,,,,9851,566,
2024-09-09 21:15:00,,,,,,,214,,556,,,1852,,,588,,,1979,510,,1217,34273,52,,151,,0,,,,,,,401,,,,,,284,,,,,,,,,,,,,9991,596,
2024-09-09 21:20:00,,,,,,,204,,618,,,1544,,,1391,,,2079,502,,1204,32652,67,,174,,0,,,,,,,453,,,,,,278,,,,,,,,,,,,,10102,586,
2024-09-09 21:25:00,,,,,,,201,,595,,,1139,,,1790,,,2016,515,,1189,33953,68,,191,,0,,,,,,,478,,,,,,298,,,,,,,,,,,,,10584,576,
2024-09-09 21:30:00,,,,,,,207,,591,,,1199,,,2279,,,1923,543,,1159,32644,74,,187,,0,,,,,,,515,,,,,,279,,,,,,,,,,,,,10128,643,
2024-09-09 21:35:00,,,,,,,192,,601,,,1293,,,2407,,,1972,520,,1086,35724,72,,1874,,0,,,,,,,527,,,,,,274,,,,,,,,,,,,,10377,567,
2024-09-09 21:40:00,,,,,,,194,,651,,,1293,,,2480,,,2040,501,,1108,41820,79,,1927,,0,,,,,,,613,,,,,,271,,,,,,,,,,,,,9784,567,
2024-09-09 21:45:00,,,,,,,187,,674,,,1164,,,2442,,,2089,529,,1043,46540,74,,1966,824,0,,,,,,,586,,,,,,271,,,,,,,,,,,,,9980,550,
2024-09-09 21:50:00,,,,,,,167,,726,,,1071,,,2493,,,1999,520,,1061,49904,69,,1990,731,0,,,,,,,569,,,,,,273,,,,,,,,,,,,,10416,605,
2024-09-09 21:55:00,,,,,,,,,692,,,986,,,2498,,,2190,485,,1032,48912,73,,1896,641,0,,,,,,,575,,,,,,266,,,,,,,,,,,,,10198,554,
2024-09-09 22:00:00,,,,,,,,,727,,,1161,,,2451,,,2030,469,,972,49616,72,,1956,595,0,,,,,,,593,,,,,,278,,,,,,,,,,,,,10310,553,
2024-09-09 22:05:00,,,,,,,,,710,,,1115,,,2540,,,2078,463,,929,50675,79,,1892,565,0,,,,,,,573,,,,,,269,,,,,,,,,,,,,10067,553,
2024-09-09 22:10:00,,,,,,236,,,710,,,1224,,,2396,,,2199,469,,896,50576,69,,1946,584,0,,,,,,,610,,,,,683,259,,,,,,,,,,,,,9837,543,
2024-09-09 22:15:00,,,,,,236,,,,,,1616,,,2475,,,1974,474,,937,48053,58,,1972,566,0,,,,,,,627,,,,,698,252,,,,,,,,,,,,,10207,533,
2024-09-09 22:20:00,,,,,,1439,,,728,,,1332,,,2426,,,2001,453,,929,46369,55,,1899,539,0,,,,,,,603,,,,,802,253,,,,,,,,,,,,,10201,606,
2024-09-09 22:25:00,,,,,,1361,,,752,,,1767,,,2330,,,2221,470,,917,47015,65,,1791,531,0,,,,,,,641,,,,,,256,,,,,,,,,,,,,10320,538,
2024-09-09 22:30:00,,,,,,1361,,,718,,,1484,,,2361,,,2003,463,,950,45732,60,,1752,414,0,,,,,,,653,,,,,35,252,,,,,,,,,,,,,9622,543,